NAME,AGE,GP,GS,MIN,FGM,FGA,FG%,FG3M,FG3A,FG3%,FTM,FTA,FT_PCT,OREB,DREB,REB,AST,STL,BLK,TOV,PF,PTS,MPG,PER,TEAM,SALARY,YEAR,POS,Segment
Precious Achiuwa,22,50,23.0,1161,159,370,0.43,20.0,64.0,0.313,50,86,0.581,108.0,237.0,345.0,57,27.0,29.0,51.0,100,388,23.22,11.37,Toronto Raptors,2711280,2022, PF,Underperforming
Steven Adams,28,58,57.0,1526,161,297,0.542,0.0,0.0,0.0,89,161,0.553,265.0,305.0,570.0,190,49.0,41.0,94.0,110,411,26.31,18.03,Memphis Grizzlies,17073171,2022, C,Average
Bam Adebayo,24,36,36.0,1204,260,491,0.53,0.0,5.0,0.0,165,221,0.747,99.0,272.0,371.0,127,54.0,31.0,102.0,110,685,33.44,21.73,Miami Heat,28103500,2022, C,Overperforming
LaMarcus Aldridge,36,41,11.0,930,233,421,0.553,12.0,40.0,0.3,79,91,0.868,65.0,166.0,231.0,35,13.0,44.0,41.0,71,557,22.68,20.97,Brooklyn Nets,1669178,2022, C,Average
Nickeil Alexander-Walker,23,50,19.0,1317,237,632,0.375,95.0,305.0,0.311,70,97,0.722,36.0,128.0,164.0,139,41.0,19.0,85.0,88,639,25.42,11.17,Utah Jazz,3261480,2022, SG,Underperforming
Grayson Allen,26,50,49.0,1393,198,465,0.426,125.0,319.0,0.392,50,59,0.847,26.0,141.0,167.0,75,41.0,15.0,29.0,71,571,27.86,12.96,Milwaukee Bucks,4054695,2022, SG,Underperforming
Jarrett Allen,23,52,52.0,1697,341,511,0.667,1.0,10.0,0.1,156,221,0.706,188.0,386.0,574.0,91,41.0,70.0,90.0,92,839,32.63,22.46,Cleveland Cavaliers,20000000,2022, C,Overperforming
Kyle Anderson,28,49,8.0,1064,145,336,0.432,26.0,78.0,0.333,49,77,0.636,49.0,210.0,259.0,129,53.0,30.0,52.0,77,365,21.71,14.94,Memphis Grizzlies,9937150,2022, SF,Worst
Giannis Antetokounmpo,27,50,50.0,1640,504,926,0.544,59.0,194.0,0.304,405,561,0.722,94.0,471.0,565.0,302,49.0,68.0,166.0,158,1472,32.8,31.82,Milwaukee Bucks,39344970,2022, PF,Best
Carmelo Anthony,37,51,3.0,1356,236,538,0.439,120.0,305.0,0.393,98,119,0.824,43.0,170.0,213.0,53,38.0,42.0,45.0,115,690,26.59,14.75,Los Angeles Lakers,1669178,2022, PF,Average
Cole Anthony,21,47,47.0,1547,283,709,0.399,102.0,301.0,0.339,161,188,0.856,28.0,244.0,272.0,277,40.0,13.0,136.0,127,829,32.91,15.27,Orlando Magic,3449400,2022, PG,Overperforming
OG Anunoby,24,42,42.0,1541,277,635,0.436,100.0,285.0,0.351,80,107,0.748,66.0,165.0,231.0,110,65.0,24.0,74.0,124,734,36.69,13.79,Toronto Raptors,16071429,2022, SF,Overperforming
D.J. Augustin,34,34,2.0,510,55,136,0.404,39.0,96.0,0.406,33,38,0.868,7.0,34.0,41.0,74,10.0,0.0,45.0,17,182,15.0,10.07,Houston Rockets,7000000,2022, PG,Worst
Deni Avdija,21,60,6.0,1419,170,386,0.44,53.0,171.0,0.31,69,90,0.767,38.0,271.0,309.0,99,48.0,35.0,55.0,141,462,23.65,11.67,Washington Wizards,4692840,2022, SF,Underperforming
Deandre Ayton,23,39,39.0,1137,278,437,0.636,3.0,10.0,0.3,76,106,0.717,99.0,294.0,393.0,55,31.0,32.0,66.0,90,635,29.15,22.5,Phoenix Suns,12632950,2022, C,Overperforming
Marvin Bagley III,22,30,17.0,656,114,246,0.463,15.0,62.0,0.242,35,47,0.745,67.0,148.0,215.0,17,9.0,11.0,21.0,50,278,21.94,14.78,Detroit Pistons,11312114,2022, PF,Underperforming
LaMelo Ball,20,54,54.0,1763,384,911,0.422,144.0,394.0,0.365,163,190,0.858,88.0,293.0,381.0,406,84.0,22.0,173.0,174,1075,32.65,20.91,Charlotte Hornets,8231760,2022, PG,Best
Lonzo Ball,24,35,35.0,1212,162,383,0.423,110.0,260.0,0.423,21,28,0.75,35.0,155.0,190.0,178,64.0,31.0,82.0,85,455,34.63,14.67,Chicago Bulls,18604651,2022, PG,Average
Mo Bamba,23,50,48.0,1297,196,419,0.468,62.0,183.0,0.339,40,50,0.8,103.0,291.0,394.0,64,29.0,91.0,62.0,129,494,25.94,15.81,Orlando Magic,7568743,2022, C,Underperforming
Desmond Bane,23,58,58.0,1748,379,837,0.453,165.0,402.0,0.41,103,113,0.912,34.0,223.0,257.0,145,67.0,25.0,92.0,154,1026,30.14,18.47,Memphis Grizzlies,2033160,2022, SG,Overperforming
Dalano Banton,22,49,1.0,570,70,170,0.412,11.0,44.0,0.25,21,34,0.618,31.0,74.0,105.0,77,24.0,8.0,47.0,57,172,11.63,9.34,Toronto Raptors,925258,2022, PG,Underperforming
Harrison Barnes,29,57,57.0,1923,296,634,0.467,110.0,269.0,0.409,270,324,0.833,64.0,283.0,347.0,143,41.0,9.0,90.0,73,972,33.74,16.45,Sacramento Kings,20284091,2022, SF,Overperforming
Scottie Barnes,20,51,51.0,1789,295,617,0.478,41.0,132.0,0.311,109,148,0.736,122.0,252.0,374.0,165,52.0,40.0,95.0,138,740,35.08,14.19,Toronto Raptors,7280520,2022, SF,Overperforming
RJ Barrett,21,49,49.0,1625,319,765,0.417,102.0,282.0,0.362,169,245,0.69,41.0,240.0,281.0,127,26.0,14.0,97.0,103,909,33.16,15.24,New York Knicks,8623920,2022, SG,Overperforming
Will Barton,31,53,53.0,1711,310,692,0.448,120.0,322.0,0.373,77,96,0.802,33.0,228.0,261.0,207,44.0,28.0,99.0,82,817,32.28,14.56,Denver Nuggets,15625000,2022, SF,Overperforming
Keita Bates-Diop,26,47,13.0,780,108,206,0.524,17.0,45.0,0.378,34,48,0.708,47.0,141.0,188.0,30,24.0,14.0,34.0,50,267,16.6,13.28,San Antonio Spurs,1729217,2022, SF,Underperforming
Nicolas Batum,33,41,36.0,1011,129,269,0.48,79.0,193.0,0.409,16,24,0.667,19.0,162.0,181.0,63,40.0,31.0,29.0,57,353,24.66,14.34,Los Angeles Clippers,3170029,2022, PF,Average
Darius Bazley,21,55,39.0,1508,198,498,0.398,56.0,194.0,0.289,86,124,0.694,63.0,301.0,364.0,72,46.0,60.0,72.0,53,538,27.42,12.41,Oklahoma City Thunder,2513040,2022, PF,Underperforming
Bradley Beal,28,40,40.0,1439,348,771,0.451,63.0,210.0,0.3,169,203,0.833,38.0,151.0,189.0,265,36.0,15.0,135.0,95,928,35.98,18.76,Washington Wizards,33724200,2022, SG,Overperforming
Malik Beasley,25,60,10.0,1514,257,679,0.378,175.0,489.0,0.358,32,42,0.762,23.0,154.0,177.0,86,30.0,9.0,38.0,71,721,25.23,12.11,Minnesota Timberwolves,14491964,2022, SG,Underperforming
DeAndre' Bembry,27,48,20.0,949,121,213,0.568,15.0,36.0,0.417,21,35,0.6,38.0,114.0,152.0,60,47.0,25.0,30.0,104,278,19.59,12.54,Brooklyn Nets,1669178,2022, SG,Worst
Davis Bertans,29,34,0.0,501,60,171,0.351,46.0,144.0,0.319,28,30,0.933,6.0,55.0,61.0,16,11.0,6.0,14.0,55,194,14.86,8.89,Dallas Mavericks,16000000,2022, SF,Worst
Patrick Beverley,33,42,38.0,1102,131,325,0.403,60.0,178.0,0.337,61,86,0.709,49.0,136.0,185.0,199,49.0,38.0,56.0,129,383,26.24,14.65,Minnesota Timberwolves,14320988,2022, PG,Average
Saddiq Bey,22,60,60.0,2008,322,833,0.387,151.0,441.0,0.342,146,175,0.834,86.0,261.0,347.0,168,53.0,13.0,77.0,97,941,33.47,12.71,Detroit Pistons,2824320,2022, SF,Overperforming
Khem Birch,29,33,10.0,610,60,124,0.484,0.0,8.0,0.0,36,48,0.75,76.0,70.0,146.0,38,24.0,16.0,19.0,57,156,18.48,12.72,Toronto Raptors,6350000,2022, C,Worst
Nemanja Bjelica,33,54,0.0,821,123,268,0.459,41.0,121.0,0.339,45,66,0.682,45.0,164.0,209.0,103,31.0,18.0,60.0,89,332,15.2,15.28,Golden State Warriors,1669178,2022, PF,Worst
Eric Bledsoe,32,54,29.0,1361,197,468,0.421,51.0,163.0,0.313,89,117,0.761,28.0,154.0,182.0,225,69.0,19.0,116.0,85,534,25.2,13.24,Los Angeles Clippers,18125000,2022, SG,Average
Bogdan Bogdanovic,29,42,26.0,1216,210,483,0.435,106.0,282.0,0.376,46,58,0.793,15.0,150.0,165.0,125,42.0,8.0,48.0,86,572,28.95,14.29,Atlanta Hawks,18000000,2022, SG,Average
Bojan Bogdanovic,32,57,57.0,1767,347,763,0.455,139.0,369.0,0.377,183,210,0.871,48.0,199.0,247.0,97,26.0,1.0,98.0,94,1016,31.0,16.49,Utah Jazz,18700000,2022, SF,Overperforming
Devin Booker,25,53,53.0,1816,492,1100,0.447,137.0,375.0,0.365,234,269,0.87,41.0,232.0,273.0,244,60.0,21.0,129.0,132,1355,34.26,21.23,Phoenix Suns,31650600,2022, SG,Best
Brandon Boston Jr.,20,41,0.0,621,98,264,0.371,28.0,94.0,0.298,50,59,0.847,13.0,81.0,94.0,36,22.0,11.0,26.0,35,274,15.15,11.58,Los Angeles Clippers,925258,2022, SG,Underperforming
Chris Boucher,29,57,8.0,1157,179,384,0.466,42.0,150.0,0.28,112,146,0.767,120.0,214.0,334.0,18,36.0,57.0,34.0,123,512,20.3,16.37,Toronto Raptors,7020000,2022, PF,Average
Avery Bradley,31,49,42.0,1165,123,299,0.411,67.0,176.0,0.381,12,14,0.857,27.0,86.0,113.0,41,46.0,9.0,33.0,94,325,23.78,7.76,Los Angeles Lakers,1669178,2022, PG,Worst
Tony Bradley,24,45,7.0,500,62,107,0.579,0.0,0.0,0.0,14,21,0.667,59.0,108.0,167.0,22,10.0,31.0,28.0,54,138,11.11,14.57,Chicago Bulls,1669178,2022, C,Underperforming
Mikal Bridges,25,60,60.0,2089,321,605,0.531,82.0,228.0,0.36,80,96,0.833,60.0,203.0,263.0,133,71.0,26.0,47.0,114,804,34.82,14.51,Phoenix Suns,5557725,2022, SF,Overperforming
Miles Bridges,23,59,59.0,2134,436,907,0.481,106.0,347.0,0.305,194,243,0.798,71.0,357.0,428.0,215,60.0,53.0,118.0,155,1172,36.17,18.69,Charlotte Hornets,5421493,2022, SF,Overperforming
Oshae Brissett,23,48,6.0,990,123,306,0.402,44.0,137.0,0.321,59,94,0.628,75.0,160.0,235.0,40,29.0,21.0,37.0,72,349,20.62,11.03,Indiana Pacers,1701593,2022, SF,Underperforming
Malcolm Brogdon,29,29,29.0,965,190,425,0.447,49.0,158.0,0.31,105,122,0.861,24.0,124.0,148.0,170,25.0,11.0,61.0,58,534,33.28,17.01,Indiana Pacers,21700000,2022, PG,Overperforming
Armoni Brooks,23,41,8.0,690,87,251,0.347,64.0,213.0,0.3,16,19,0.842,12.0,69.0,81.0,49,21.0,8.0,23.0,60,254,16.83,9.06,Houston Rockets,1489065,2022, SG,Underperforming
Dillon Brooks,26,21,20.0,587,145,340,0.426,33.0,101.0,0.327,64,72,0.889,17.0,52.0,69.0,57,27.0,4.0,37.0,69,387,27.95,18.14,Memphis Grizzlies,12200000,2022, SF,Average
Bruce Brown,25,52,25.0,1130,144,298,0.483,17.0,49.0,0.347,48,65,0.738,66.0,163.0,229.0,73,53.0,27.0,33.0,123,353,21.73,12.72,Brooklyn Nets,4736102,2022, SF,Underperforming
Jaylen Brown,25,48,48.0,1644,414,901,0.459,124.0,357.0,0.347,185,239,0.774,38.0,267.0,305.0,156,50.0,16.0,137.0,122,1137,34.25,19.73,Boston Celtics,26758928,2022, SG,Best
Sterling Brown,27,38,3.0,523,51,128,0.398,27.0,79.0,0.342,10,11,0.909,22.0,106.0,128.0,30,12.0,5.0,21.0,44,139,13.76,8.76,Dallas Mavericks,3000000,2022, SF,Worst
Troy Brown Jr.,22,50,6.0,892,86,214,0.402,35.0,105.0,0.333,19,25,0.76,35.0,138.0,173.0,55,28.0,4.0,22.0,55,226,17.84,9.54,Chicago Bulls,5170564,2022, SF,Underperforming
Jalen Brunson,25,59,41.0,1896,379,757,0.501,67.0,181.0,0.37,126,155,0.813,33.0,191.0,224.0,316,52.0,3.0,103.0,115,951,32.14,16.6,Dallas Mavericks,1802057,2022, PG,Overperforming
Reggie Bullock,30,50,19.0,1276,142,343,0.414,96.0,263.0,0.365,30,35,0.857,21.0,146.0,167.0,53,27.0,6.0,26.0,71,410,25.52,9.43,Dallas Mavericks,9536000,2022, SF,Worst
Alec Burks,30,59,22.0,1578,193,505,0.382,101.0,261.0,0.387,159,193,0.824,35.0,228.0,263.0,156,63.0,17.0,58.0,140,646,26.75,14.45,New York Knicks,9536000,2022, SG,Average
Jimmy Butler,32,42,42.0,1437,302,629,0.48,16.0,80.0,0.2,300,340,0.882,79.0,183.0,262.0,245,74.0,19.0,91.0,65,920,34.21,24.86,Miami Heat,36016200,2022, SF,Best
Kentavious Caldwell-Pope,29,57,57.0,1694,240,583,0.412,112.0,296.0,0.378,82,90,0.911,28.0,162.0,190.0,100,62.0,21.0,68.0,97,674,29.72,11.66,Washington Wizards,13038862,2022, SG,Average
Facundo Campazzo,30,55,4.0,1098,104,275,0.378,57.0,178.0,0.32,58,72,0.806,20.0,84.0,104.0,201,58.0,21.0,63.0,112,323,19.96,11.17,Denver Nuggets,3200000,2022, PG,Worst
Clint Capela,27,52,51.0,1449,250,424,0.59,0.0,1.0,0.0,57,122,0.467,194.0,435.0,629.0,70,36.0,72.0,31.0,116,557,27.87,19.96,Atlanta Hawks,18603448,2022, C,Overperforming
Jevon Carter,26,46,1.0,552,58,174,0.333,42.0,127.0,0.331,7,10,0.7,9.0,58.0,67.0,46,14.0,10.0,26.0,45,165,11.94,7.04,Brooklyn Nets,3650000,2022, PG,Worst
Wendell Carter Jr.,22,52,51.0,1532,283,551,0.514,60.0,186.0,0.323,113,160,0.706,110.0,422.0,532.0,141,32.0,36.0,92.0,135,739,29.46,18.66,Orlando Magic,6920027,2022, C,Overperforming
Alex Caruso,27,28,9.0,775,78,182,0.429,30.0,87.0,0.345,48,59,0.814,25.0,83.0,108.0,109,54.0,11.0,40.0,68,234,27.68,13.58,Chicago Bulls,8650651,2022, SG,Worst
Josh Christopher,20,51,2.0,839,140,314,0.446,39.0,124.0,0.315,51,66,0.773,37.0,72.0,109.0,88,42.0,7.0,71.0,56,370,16.45,13.11,Houston Rockets,2259240,2022, SG,Underperforming
Brandon Clarke,25,47,1.0,901,210,325,0.646,4.0,19.0,0.211,64,95,0.674,100.0,158.0,258.0,67,25.0,50.0,25.0,87,488,19.17,26.64,Memphis Grizzlies,2726880,2022, PF,Average
Jordan Clarkson,29,56,1.0,1474,314,779,0.403,141.0,441.0,0.32,95,114,0.833,42.0,143.0,185.0,131,41.0,13.0,88.0,104,864,26.32,15.54,Utah Jazz,12420000,2022, PG,Overperforming
John Collins,24,50,50.0,1564,325,605,0.537,62.0,160.0,0.388,127,160,0.794,90.0,307.0,397.0,94,32.0,54.0,56.0,153,839,31.28,19.37,Atlanta Hawks,23000000,2022, PF,Overperforming
Mike Conley,34,53,53.0,1500,254,580,0.438,126.0,307.0,0.41,100,119,0.84,34.0,132.0,166.0,281,65.0,17.0,89.0,99,734,28.3,18.44,Utah Jazz,21000000,2022, PG,Average
Pat Connaughton,29,54,18.0,1457,194,415,0.467,125.0,307.0,0.407,30,37,0.811,37.0,199.0,236.0,66,51.0,14.0,31.0,73,543,26.98,13.48,Milwaukee Bucks,5333334,2022, SG,Average
Robert Covington,31,48,40.0,1431,128,336,0.381,79.0,230.0,0.343,30,36,0.833,41.0,233.0,274.0,68,74.0,63.0,58.0,132,365,28.36,9.37,Los Angeles Clippers,12975471,2022, PF,Worst
Torrey Craig,31,51,14.0,1034,128,281,0.456,46.0,138.0,0.333,27,35,0.771,59.0,136.0,195.0,58,24.0,19.0,39.0,95,329,20.3,10.38,Phoenix Suns,4878049,2022, SF,Worst
Jae Crowder,31,50,50.0,1409,156,387,0.403,88.0,256.0,0.344,54,67,0.806,23.0,242.0,265.0,80,66.0,22.0,40.0,120,454,28.18,11.1,Phoenix Suns,9720900,2022, PF,Worst
Cade Cunningham,20,46,46.0,1459,278,703,0.395,90.0,282.0,0.319,88,103,0.854,44.0,210.0,254.0,236,57.0,31.0,160.0,140,734,31.72,12.04,Detroit Pistons,10050120,2022, PG,Underperforming
Seth Curry,31,45,45.0,1566,256,528,0.485,100.0,250.0,0.4,64,73,0.877,17.0,134.0,151.0,181,36.0,11.0,84.0,101,676,34.52,13.42,Brooklyn Nets,8207518,2022, SG,Average
Stephen Curry,33,55,55.0,1908,457,1069,0.428,253.0,670.0,0.378,244,265,0.921,31.0,260.0,291.0,356,75.0,22.0,178.0,117,1411,34.69,23.37,Golden State Warriors,45780966,2022, PG,Best
Anthony Davis,28,37,37.0,1297,341,635,0.537,12.0,66.0,0.182,161,227,0.709,104.0,256.0,360.0,107,45.0,86.0,76.0,93,855,35.05,23.61,Los Angeles Lakers,35361360,2022, PF,Overperforming
Terence Davis,24,30,11.0,536,113,267,0.423,49.0,149.0,0.329,36,44,0.818,11.0,83.0,94.0,40,25.0,11.0,33.0,70,311,17.87,15.47,Sacramento Kings,4000000,2022, SG,Underperforming
DeMar DeRozan,32,57,57.0,2039,591,1144,0.517,38.0,104.0,0.365,395,457,0.864,48.0,252.0,300.0,289,50.0,18.0,132.0,124,1615,35.77,25.7,Chicago Bulls,26000000,2022, SF,Best
Dewayne Dedmon,32,51,15.0,834,134,229,0.585,16.0,31.0,0.516,58,74,0.784,94.0,220.0,314.0,37,21.0,27.0,55.0,123,342,16.35,17.76,Miami Heat,1669178,2022, C,Worst
Hamidou Diallo,23,53,29.0,1183,242,486,0.498,23.0,87.0,0.264,84,127,0.661,64.0,194.0,258.0,66,64.0,17.0,55.0,134,591,22.32,15.23,Detroit Pistons,5200000,2022, SG,Underperforming
Spencer Dinwiddie,28,44,44.0,1330,185,492,0.376,70.0,226.0,0.31,116,143,0.811,36.0,171.0,207.0,256,27.0,7.0,73.0,107,556,29.98,13.49,Dallas Mavericks,17142857,2022, PG,Average
Luka Doncic,22,45,45.0,1594,436,977,0.446,125.0,373.0,0.335,238,324,0.735,40.0,371.0,411.0,406,51.0,22.0,198.0,111,1235,35.42,23.03,Dallas Mavericks,10174391,2022, PG,Best
Luguentz Dort,22,51,51.0,1665,293,726,0.404,130.0,391.0,0.332,161,191,0.843,38.0,174.0,212.0,88,46.0,18.0,88.0,149,877,32.65,13.63,Oklahoma City Thunder,1782621,2022, SF,Overperforming
Ayo Dosunmu,22,56,22.0,1455,179,344,0.52,52.0,128.0,0.406,42,62,0.677,19.0,140.0,159.0,172,40.0,23.0,71.0,128,452,25.98,11.62,Chicago Bulls,925258,2022, SG,Underperforming
Andre Drummond,28,49,12.0,902,128,238,0.538,0.0,2.0,0.0,42,82,0.512,136.0,297.0,433.0,97,56.0,45.0,79.0,121,298,18.81,18.16,Brooklyn Nets,1669178,2022, C,Average
Chris Duarte,24,50,38.0,1433,250,575,0.435,87.0,239.0,0.364,84,106,0.792,36.0,169.0,205.0,110,52.0,10.0,83.0,83,671,28.66,12.43,Indiana Pacers,3749400,2022, SG,Underperforming
Kevin Durant,33,36,36.0,1313,379,729,0.52,67.0,180.0,0.372,228,255,0.894,20.0,247.0,267.0,207,28.0,34.0,107.0,68,1053,36.47,26.2,Brooklyn Nets,42018900,2022, PF,Best
Anthony Edwards,20,55,55.0,1903,421,977,0.431,164.0,471.0,0.348,173,226,0.765,49.0,211.0,260.0,201,80.0,40.0,151.0,125,1179,34.6,17.53,Minnesota Timberwolves,10245480,2022, SF,Overperforming
CJ Elleby,21,36,8.0,552,57,148,0.385,18.0,65.0,0.277,24,30,0.8,32.0,75.0,107.0,41,18.0,7.0,18.0,60,156,15.33,9.26,Portland Trail Blazers,1517981,2022, SG,Underperforming
Wayne Ellington,34,35,9.0,661,73,186,0.392,65.0,169.0,0.385,4,5,0.8,9.0,51.0,60.0,24,19.0,3.0,15.0,35,215,18.89,8.72,Los Angeles Lakers,1669178,2022, SG,Worst
Joel Embiid,27,47,47.0,1546,449,905,0.496,65.0,173.0,0.376,432,531,0.814,91.0,433.0,524.0,210,48.0,66.0,139.0,124,1395,32.89,30.13,Philadelphia 76ers,31579390,2022, C,Best
Drew Eubanks,25,49,9.0,595,84,159,0.528,1.0,8.0,0.125,59,79,0.747,64.0,132.0,196.0,50,13.0,30.0,46.0,61,228,12.32,16.44,San Antonio Spurs,1762796,2022, PF,Underperforming
Derrick Favors,30,39,18.0,652,94,182,0.516,2.0,16.0,0.125,16,25,0.64,58.0,126.0,184.0,25,17.0,12.0,9.0,62,206,16.72,14.42,Oklahoma City Thunder,9720900,2022, C,Worst
Dorian Finney-Smith,28,59,59.0,1934,219,494,0.443,112.0,301.0,0.372,45,66,0.682,92.0,190.0,282.0,111,70.0,29.0,64.0,138,595,32.78,10.83,Dallas Mavericks,4000000,2022, PF,Average
Bryn Forbes,28,40,1.0,676,128,296,0.432,63.0,151.0,0.417,44,49,0.898,4.0,59.0,63.0,41,17.0,3.0,33.0,42,363,17.82,13.89,Denver Nuggets,4500000,2022, SG,Worst
Evan Fournier,29,58,58.0,1717,303,719,0.421,173.0,441.0,0.392,60,83,0.723,32.0,139.0,171.0,108,55.0,16.0,80.0,124,839,29.6,14.11,New York Knicks,17000000,2022, SG,Overperforming
De'Aaron Fox,24,50,50.0,1728,411,882,0.466,51.0,189.0,0.27,218,288,0.757,22.0,171.0,193.0,261,55.0,22.0,142.0,145,1091,34.56,17.42,Sacramento Kings,28103550,2022, PG,Overperforming
Daniel Gafford,23,51,48.0,1053,198,290,0.683,0.0,0.0,0.0,67,91,0.736,117.0,189.0,306.0,52,20.0,76.0,47.0,124,463,20.65,21.21,Washington Wizards,1782621,2022, C,Average
Danilo Gallinari,33,49,6.0,1166,167,400,0.418,78.0,200.0,0.39,114,126,0.905,27.0,193.0,220.0,67,23.0,10.0,30.0,73,526,23.8,13.84,Atlanta Hawks,20475000,2022, PF,Average
Darius Garland,22,47,47.0,1626,365,766,0.477,121.0,320.0,0.378,102,112,0.911,23.0,133.0,156.0,374,56.0,5.0,176.0,81,953,34.6,18.52,Cleveland Cavaliers,7040880,2022, PG,Overperforming
Rudy Gay,35,35,1.0,699,107,256,0.418,49.0,144.0,0.34,49,62,0.79,35.0,127.0,162.0,39,20.0,12.0,30.0,66,312,19.97,14.69,Utah Jazz,5890000,2022, SF,Worst
Paul George,31,26,26.0,924,234,556,0.421,70.0,217.0,0.323,103,117,0.88,11.0,174.0,185.0,142,53.0,10.0,109.0,65,641,35.54,19.14,Los Angeles Clippers,39344900,2022, SG,Overperforming
Taj Gibson,36,39,4.0,712,60,114,0.526,8.0,22.0,0.364,25,33,0.758,64.0,111.0,175.0,25,16.0,32.0,23.0,108,153,18.26,11.35,New York Knicks,4910000,2022, C,Worst
Josh Giddey,19,54,54.0,1700,281,670,0.419,56.0,213.0,0.263,56,79,0.709,98.0,323.0,421.0,345,51.0,20.0,171.0,88,674,31.48,14.46,Oklahoma City Thunder,5988000,2022, SG,Overperforming
Shai Gilgeous-Alexander,23,45,45.0,1560,360,834,0.432,69.0,251.0,0.275,255,315,0.81,32.0,181.0,213.0,246,52.0,36.0,116.0,106,1044,34.67,20.55,Oklahoma City Thunder,5495532,2022, PG,Best
Rudy Gobert,29,45,45.0,1448,252,352,0.716,0.0,2.0,0.0,199,290,0.686,157.0,511.0,668.0,53,33.0,102.0,83.0,120,703,32.18,25.17,Utah Jazz,35344828,2022, C,Overperforming
Aaron Gordon,26,55,55.0,1748,312,599,0.521,65.0,192.0,0.339,115,155,0.742,90.0,232.0,322.0,142,39.0,29.0,98.0,107,804,31.78,15.34,Denver Nuggets,16409091,2022, PF,Average
Eric Gordon,33,48,37.0,1424,243,503,0.483,109.0,262.0,0.416,91,120,0.758,14.0,81.0,95.0,141,24.0,18.0,92.0,53,686,29.67,13.91,Houston Rockets,18218818,2022, SG,Average
Devonte' Graham,27,56,54.0,1714,237,658,0.36,155.0,453.0,0.342,95,112,0.848,27.0,115.0,142.0,246,51.0,8.0,86.0,80,724,30.61,11.54,New Orleans Pelicans,11000000,2022, PG,Average
Jerami Grant,27,35,35.0,1125,214,528,0.405,60.0,184.0,0.326,166,197,0.843,23.0,122.0,145.0,85,34.0,37.0,68.0,79,654,32.14,14.35,Detroit Pistons,20002500,2022, SF,Average
Danny Green,34,41,25.0,943,91,228,0.399,72.0,191.0,0.377,9,10,0.9,19.0,80.0,99.0,41,41.0,29.0,35.0,69,263,23.0,9.18,Philadelphia 76ers,10000000,2022, SF,Worst
Draymond Green,31,34,34.0,1018,108,201,0.537,12.0,42.0,0.286,40,67,0.597,38.0,219.0,257.0,250,47.0,41.0,106.0,94,268,29.94,15.24,Golden State Warriors,24026712,2022, PF,Average
JaMychal Green,31,47,7.0,705,106,232,0.457,29.0,102.0,0.284,57,65,0.877,47.0,127.0,174.0,40,32.0,20.0,43.0,106,298,15.0,13.81,Denver Nuggets,8200000,2022, PF,Worst
Jalen Green,20,44,44.0,1338,218,556,0.392,87.0,276.0,0.315,127,156,0.814,16.0,123.0,139.0,102,30.0,8.0,97.0,68,650,30.41,10.81,Houston Rockets,8992200,2022, SG,Underperforming
Javonte Green,28,44,33.0,1073,125,230,0.543,23.0,68.0,0.338,64,77,0.831,68.0,122.0,190.0,47,41.0,24.0,24.0,93,337,24.39,14.08,Chicago Bulls,1669178,2022, SF,Worst
Jeff Green,35,56,44.0,1370,207,411,0.504,43.0,137.0,0.314,116,141,0.823,30.0,146.0,176.0,71,17.0,21.0,53.0,119,573,24.46,12.11,Denver Nuggets,4500000,2022, PF,Average
Josh Green,21,45,2.0,645,78,155,0.503,12.0,39.0,0.308,25,35,0.714,31.0,66.0,97.0,58,29.0,9.0,20.0,76,193,14.33,11.84,Dallas Mavericks,2957520,2022, SG,Underperforming
Blake Griffin,32,49,24.0,880,120,288,0.417,31.0,131.0,0.237,51,70,0.729,56.0,154.0,210.0,96,26.0,13.0,25.0,85,322,17.96,13.64,Brooklyn Nets,1669178,2022, PF,Worst
Quentin Grimes,21,40,6.0,697,88,209,0.421,66.0,166.0,0.398,11,17,0.647,22.0,55.0,77.0,38,26.0,10.0,25.0,60,253,17.42,12.29,New York Knicks,2168760,2022, SG,Underperforming
Tyrese Haliburton,21,51,51.0,1757,268,586,0.457,104.0,252.0,0.413,87,104,0.837,39.0,160.0,199.0,379,86.0,34.0,115.0,71,727,34.91,16.98,Indiana Pacers,4023600,2022, PG,Overperforming
R.J. Hampton,21,43,1.0,838,110,287,0.383,40.0,109.0,0.367,52,85,0.612,14.0,113.0,127.0,106,29.0,10.0,58.0,62,312,19.49,10.28,Orlando Magic,2303040,2022, PG,Underperforming
Tim Hardaway Jr.,29,42,20.0,1245,209,530,0.394,102.0,304.0,0.336,78,103,0.757,13.0,143.0,156.0,92,38.0,6.0,34.0,74,598,29.64,12.61,Dallas Mavericks,21308816,2022, SF,Average
James Harden,32,44,44.0,1627,292,706,0.414,102.0,307.0,0.332,304,350,0.869,42.0,309.0,351.0,447,56.0,31.0,212.0,105,990,36.93,20.23,Brooklyn Nets,44310840,2022, SG,Overperforming
Maurice Harkless,28,43,24.0,842,83,181,0.459,31.0,101.0,0.307,20,28,0.714,12.0,96.0,108.0,22,27.0,24.0,29.0,72,217,19.58,8.13,Sacramento Kings,4347600,2022, SF,Worst
Montrezl Harrell,28,46,3.0,1117,247,383,0.645,4.0,15.0,0.267,149,205,0.727,96.0,213.0,309.0,96,18.0,31.0,50.0,88,647,24.86,24.11,Charlotte Hornets,9720900,2022, C,Average
Gary Harris,27,53,30.0,1557,218,495,0.44,101.0,264.0,0.383,70,82,0.854,33.0,79.0,112.0,100,48.0,8.0,55.0,101,607,29.38,11.65,Orlando Magic,20482143,2022, SG,Average
Tobias Harris,29,50,50.0,1762,359,746,0.481,59.0,171.0,0.345,143,168,0.851,55.0,307.0,362.0,183,31.0,32.0,86.0,102,920,35.24,16.88,Philadelphia 76ers,35995950,2022, PF,Overperforming
Josh Hart,26,41,40.0,1374,195,386,0.505,42.0,130.0,0.323,116,154,0.753,53.0,265.0,318.0,168,45.0,11.0,81.0,118,548,33.56,14.51,Portland Trail Blazers,12000000,2022, SG,Average
Isaiah Hartenstein,23,48,0.0,786,150,243,0.617,4.0,10.0,0.4,55,86,0.64,73.0,141.0,214.0,93,35.0,55.0,54.0,117,359,16.38,21.64,Los Angeles Clippers,1669178,2022, C,Average
Jaxson Hayes,21,48,6.0,818,157,243,0.646,8.0,27.0,0.296,94,122,0.77,71.0,120.0,191.0,24,18.0,36.0,35.0,114,416,17.04,19.13,New Orleans Pelicans,5348280,2022, C,Average
Killian Hayes,20,48,33.0,1166,109,303,0.36,31.0,115.0,0.27,41,51,0.804,23.0,115.0,138.0,196,50.0,25.0,82.0,128,290,24.29,7.64,Detroit Pistons,5572680,2022, PG,Underperforming
Gordon Hayward,31,48,48.0,1547,281,611,0.46,85.0,218.0,0.39,126,149,0.846,38.0,183.0,221.0,173,46.0,22.0,80.0,85,773,32.23,16.68,Charlotte Hornets,29925000,2022, SF,Overperforming
Willy Hernangomez,27,32,6.0,512,106,199,0.533,3.0,7.0,0.429,63,85,0.741,84.0,132.0,216.0,40,11.0,11.0,30.0,59,278,16.0,21.56,New Orleans Pelicans,2327220,2022, C,Average
Tyler Herro,22,48,10.0,1568,360,833,0.432,124.0,328.0,0.378,128,151,0.848,27.0,203.0,230.0,186,32.0,8.0,131.0,75,972,32.67,16.56,Miami Heat,4004280,2022, PG,Overperforming
Buddy Hield,29,55,6.0,1574,265,693,0.382,182.0,495.0,0.368,80,92,0.87,43.0,178.0,221.0,105,48.0,15.0,90.0,113,792,29.55,12.62,Indiana Pacers,22768890,2022, SG,Overperforming
George Hill,35,41,16.0,1044,102,234,0.436,37.0,117.0,0.316,48,50,0.96,35.0,97.0,132.0,101,33.0,6.0,35.0,57,289,25.46,10.76,Milwaukee Bucks,4000000,2022, PG,Worst
Aaron Holiday,25,41,14.0,663,100,214,0.467,23.0,67.0,0.343,28,35,0.8,9.0,58.0,67.0,78,24.0,9.0,39.0,60,251,16.18,11.99,Phoenix Suns,3980551,2022, PG,Underperforming
Jrue Holiday,31,48,45.0,1592,345,676,0.51,88.0,216.0,0.407,92,124,0.742,47.0,174.0,221.0,316,71.0,24.0,134.0,94,870,33.17,19.91,Milwaukee Bucks,32413333,2022, PG,Overperforming
Justin Holiday,32,49,40.0,1416,190,458,0.415,127.0,336.0,0.378,34,41,0.829,18.0,117.0,135.0,90,36.0,18.0,49.0,105,541,29.09,10.09,Sacramento Kings,6006420,2022, SF,Worst
Richaun Holmes,28,41,37.0,1012,190,284,0.669,2.0,5.0,0.4,67,87,0.77,87.0,215.0,302.0,46,17.0,39.0,55.0,120,449,24.68,18.38,Sacramento Kings,10384500,2022, C,Average
Rodney Hood,29,39,0.0,581,46,131,0.351,24.0,80.0,0.3,13,14,0.929,13.0,54.0,67.0,30,12.0,4.0,7.0,27,129,14.51,6.93,Los Angeles Clippers,1669178,2022, SG,Worst
Al Horford,35,53,53.0,1510,202,450,0.449,63.0,208.0,0.303,66,79,0.835,82.0,320.0,402.0,178,31.0,71.0,54.0,99,533,28.49,16.4,Boston Celtics,27000000,2022, C,Average
Talen Horton-Tucker,21,43,15.0,1115,156,375,0.416,37.0,130.0,0.285,66,83,0.795,28.0,116.0,144.0,113,40.0,24.0,63.0,109,415,25.93,10.42,Los Angeles Lakers,9500000,2022, SG,Underperforming
Dwight Howard,36,43,12.0,632,83,138,0.601,6.0,9.0,0.667,58,92,0.63,88.0,156.0,244.0,23,29.0,28.0,34.0,85,230,14.7,17.22,Los Angeles Lakers,1669178,2022, C,Worst
Kevin Huerter,23,53,39.0,1544,241,522,0.462,103.0,272.0,0.379,30,37,0.811,23.0,146.0,169.0,147,33.0,18.0,67.0,123,615,29.13,11.91,Atlanta Hawks,4253357,2022, SG,Underperforming
De'Andre Hunter,24,32,31.0,924,149,339,0.44,44.0,116.0,0.379,65,90,0.722,16.0,91.0,107.0,41,20.0,11.0,42.0,97,407,28.88,10.54,Atlanta Hawks,7775400,2022, SF,Underperforming
Serge Ibaka,32,35,10.0,538,94,192,0.49,24.0,62.0,0.387,20,29,0.69,40.0,110.0,150.0,36,7.0,26.0,33.0,56,232,16.21,15.73,Milwaukee Bucks,9720900,2022, C,Worst
Andre Iguodala,38,26,0.0,518,40,102,0.392,14.0,61.0,0.23,13,16,0.813,19.0,67.0,86.0,99,22.0,21.0,23.0,25,107,19.92,13.06,Golden State Warriors,1669178,2022, F,Worst
Joe Ingles,34,45,15.0,1122,115,285,0.404,78.0,225.0,0.347,17,22,0.773,12.0,119.0,131.0,158,23.0,5.0,46.0,82,325,24.93,10.45,Utah Jazz,13036364,2022, SG,Worst
Brandon Ingram,24,46,46.0,1579,375,834,0.45,66.0,200.0,0.33,205,250,0.82,31.0,230.0,261.0,248,29.0,22.0,120.0,98,1021,34.33,17.93,New Orleans Pelicans,29467800,2022, SF,Overperforming
Kyrie Irving,29,15,15.0,546,141,307,0.459,37.0,101.0,0.366,57,62,0.919,8.0,64.0,72.0,80,17.0,9.0,36.0,37,376,36.4,20.37,Brooklyn Nets,35328700,2022, PG,Overperforming
Frank Jackson,23,43,5.0,968,165,402,0.41,76.0,238.0,0.319,62,78,0.795,14.0,55.0,69.0,41,22.0,9.0,33.0,75,468,22.51,10.67,Detroit Pistons,3000000,2022, PG,Underperforming
Josh Jackson,25,39,3.0,707,103,251,0.41,30.0,113.0,0.265,40,56,0.714,17.0,106.0,123.0,49,21.0,18.0,38.0,71,276,17.37,9.78,Sacramento Kings,5005350,2022, SG,Underperforming
Reggie Jackson,31,58,58.0,1792,364,921,0.395,131.0,402.0,0.326,102,121,0.843,29.0,171.0,200.0,265,42.0,10.0,129.0,113,961,30.9,13.69,Los Angeles Clippers,10384500,2022, PG,Overperforming
Jaren Jackson Jr.,22,61,61.0,1700,346,836,0.414,103.0,328.0,0.314,220,274,0.803,98.0,271.0,369.0,65,60.0,136.0,100.0,209,1015,27.87,19.1,Memphis Grizzlies,9180560,2022, PF,Overperforming
LeBron James,37,42,42.0,1544,459,886,0.518,116.0,331.0,0.35,179,238,0.752,47.0,288.0,335.0,269,66.0,41.0,137.0,93,1213,36.76,25.64,Los Angeles Lakers,41180544,2022, SF,Best
Ty Jerome,24,48,4.0,801,124,328,0.378,54.0,186.0,0.29,38,47,0.809,19.0,59.0,78.0,109,30.0,5.0,37.0,73,340,16.69,12.45,Oklahoma City Thunder,2412840,2022, SG,Underperforming
Isaiah Joe,22,42,1.0,507,53,146,0.363,38.0,112.0,0.339,20,21,0.952,5.0,42.0,47.0,29,11.0,2.0,15.0,39,164,12.07,7.93,Philadelphia 76ers,1517981,2022, SG,Underperforming
Cameron Johnson,25,57,12.0,1491,237,514,0.461,142.0,332.0,0.428,73,85,0.859,35.0,201.0,236.0,80,48.0,14.0,35.0,97,689,26.16,15.43,Phoenix Suns,4437000,2022, SF,Average
James Johnson,35,45,8.0,893,115,246,0.467,16.0,64.0,0.25,22,42,0.524,42.0,120.0,162.0,93,23.0,19.0,35.0,115,268,19.84,10.64,Brooklyn Nets,1669178,2022, PF,Worst
Keldon Johnson,22,56,55.0,1767,331,707,0.468,110.0,256.0,0.43,123,162,0.759,59.0,276.0,335.0,103,42.0,7.0,72.0,105,895,31.55,15.53,San Antonio Spurs,2145720,2022, SF,Overperforming
Stanley Johnson,25,25,14.0,542,59,125,0.472,16.0,51.0,0.314,21,31,0.677,16.0,62.0,78.0,35,17.0,10.0,13.0,68,155,21.68,9.58,Los Angeles Lakers,888616,2022, PF,Underperforming
Nikola Jokic,27,54,54.0,1787,531,937,0.567,86.0,235.0,0.366,247,307,0.805,151.0,589.0,740.0,430,74.0,39.0,201.0,138,1395,33.09,30.96,Denver Nuggets,31579390,2022, C,Best
Damian Jones,26,39,5.0,584,94,147,0.639,5.0,15.0,0.333,50,68,0.735,53.0,96.0,149.0,43,11.0,25.0,38.0,81,243,14.97,17.02,Sacramento Kings,1977011,2022, C,Underperforming
Herbert Jones,23,57,48.0,1709,202,414,0.488,38.0,108.0,0.352,96,112,0.857,76.0,147.0,223.0,119,84.0,49.0,71.0,177,538,29.98,11.82,New Orleans Pelicans,1700000,2022, SF,Underperforming
Tre Jones,22,48,5.0,670,101,198,0.51,3.0,22.0,0.136,41,47,0.872,18.0,73.0,91.0,126,22.0,0.0,29.0,48,246,13.96,15.31,San Antonio Spurs,1517981,2022, PG,Underperforming
Tyus Jones,25,55,14.0,1127,176,383,0.46,50.0,139.0,0.36,41,47,0.872,13.0,119.0,132.0,229,51.0,2.0,37.0,24,443,20.49,17.86,Memphis Grizzlies,8376286,2022, PG,Average
Derrick Jones Jr.,25,36,8.0,634,79,144,0.549,16.0,42.0,0.381,44,55,0.8,47.0,79.0,126.0,19,16.0,26.0,18.0,82,218,17.61,14.3,Chicago Bulls,9720900,2022, SF,Underperforming
Cory Joseph,30,49,23.0,1205,140,308,0.455,50.0,115.0,0.435,71,83,0.855,22.0,106.0,128.0,189,32.0,14.0,71.0,107,401,24.59,10.88,Detroit Pistons,4910000,2022, PG,Worst
Luke Kennard,25,51,10.0,1422,210,466,0.451,142.0,314.0,0.452,47,53,0.887,12.0,168.0,180.0,115,34.0,5.0,45.0,82,609,27.88,14.04,Los Angeles Clippers,13347727,2022, SG,Underperforming
Corey Kispert,22,55,14.0,1117,137,318,0.431,60.0,188.0,0.319,40,45,0.889,40.0,104.0,144.0,54,21.0,16.0,34.0,59,374,20.31,10.66,Washington Wizards,3383640,2022, SF,Underperforming
Maxi Kleber,30,43,20.0,1086,114,267,0.427,72.0,197.0,0.365,37,48,0.771,54.0,200.0,254.0,50,23.0,46.0,32.0,98,337,25.26,11.74,Dallas Mavericks,8975000,2022, PF,Worst
John Konchar,25,54,6.0,992,95,192,0.495,41.0,98.0,0.418,23,39,0.59,62.0,177.0,239.0,74,36.0,16.0,22.0,71,254,18.37,13.73,Memphis Grizzlies,2200000,2022, SG,Underperforming
Furkan Korkmaz,24,52,18.0,1240,164,414,0.396,69.0,230.0,0.3,62,76,0.816,17.0,139.0,156.0,117,31.0,7.0,43.0,52,459,23.85,10.86,Philadelphia 76ers,4629630,2022, SG,Underperforming
Jonathan Kuminga,19,48,7.0,707,140,275,0.509,29.0,89.0,0.326,82,122,0.672,29.0,111.0,140.0,34,19.0,13.0,46.0,91,391,14.73,16.5,Golden State Warriors,5466360,2022, PF,Underperforming
Kyle Kuzma,26,57,57.0,1910,362,793,0.456,113.0,321.0,0.352,130,183,0.71,62.0,442.0,504.0,179,39.0,49.0,139.0,105,967,33.51,16.02,Washington Wizards,13000000,2022, SF,Overperforming
Zach LaVine,26,49,49.0,1698,427,889,0.48,140.0,349.0,0.401,210,240,0.875,13.0,224.0,237.0,219,30.0,18.0,133.0,85,1204,34.65,21.18,Chicago Bulls,19500000,2022, SG,Best
Jeremy Lamb,29,39,0.0,613,85,228,0.373,39.0,117.0,0.333,67,80,0.838,15.0,79.0,94.0,51,23.0,14.0,24.0,44,276,16.5,12.69,Sacramento Kings,10500000,2022, SG,Worst
Romeo Langford,22,44,5.0,728,79,184,0.429,29.0,83.0,0.349,20,34,0.588,30.0,74.0,104.0,19,21.0,16.0,16.0,46,207,16.55,9.94,Boston Celtics,3804360,2022, SG,Underperforming
Caris LeVert,27,39,39.0,1214,278,622,0.447,61.0,189.0,0.323,111,146,0.76,30.0,120.0,150.0,173,35.0,18.0,75.0,91,728,31.12,16.29,Cleveland Cavaliers,17500000,2022, SG,Average
Damion Lee,29,48,3.0,976,138,305,0.452,57.0,155.0,0.368,41,48,0.854,19.0,132.0,151.0,46,32.0,5.0,30.0,67,374,20.33,12.5,Golden State Warriors,1910860,2022, SG,Worst
Alex Len,28,34,9.0,562,83,157,0.529,6.0,19.0,0.316,37,58,0.638,48.0,105.0,153.0,41,12.0,25.0,41.0,90,209,16.53,13.33,Sacramento Kings,3732000,2022, C,Worst
Damian Lillard,31,29,29.0,1056,222,552,0.402,92.0,284.0,0.324,159,181,0.878,13.0,107.0,120.0,212,17.0,11.0,83.0,37,695,36.41,18.09,Portland Trail Blazers,39344900,2022, PG,Overperforming
Nassir Little,22,42,23.0,1088,145,315,0.46,51.0,154.0,0.331,69,94,0.734,58.0,178.0,236.0,54,25.0,36.0,40.0,82,410,25.9,12.94,Portland Trail Blazers,2316240,2022, SF,Underperforming
Kevon Looney,26,60,60.0,1279,159,287,0.554,0.0,1.0,0.0,65,103,0.631,162.0,290.0,452.0,104,36.0,44.0,55.0,162,383,21.32,16.31,Golden State Warriors,5178572,2022, C,Average
Kevin Love,33,52,2.0,1147,229,548,0.418,127.0,330.0,0.385,138,162,0.852,59.0,318.0,377.0,111,18.0,13.0,67.0,62,723,22.06,20.0,Cleveland Cavaliers,31258256,2022, PF,Average
Kyle Lowry,35,48,48.0,1647,211,497,0.425,104.0,292.0,0.356,116,136,0.853,27.0,195.0,222.0,378,57.0,15.0,140.0,132,642,34.31,14.86,Miami Heat,26894128,2022, PG,Average
Trey Lyles,26,51,3.0,990,175,384,0.456,44.0,146.0,0.301,138,176,0.784,60.0,184.0,244.0,58,22.0,26.0,54.0,91,532,18.55,15.74,Sacramento Kings,2500000,2022, PF,Average
Terance Mann,25,61,25.0,1771,255,525,0.486,59.0,163.0,0.362,81,109,0.743,79.0,243.0,322.0,146,45.0,8.0,61.0,133,650,29.03,13.44,Los Angeles Clippers,1782621,2022, SG,Underperforming
Tre Mann,21,47,14.0,963,156,403,0.387,66.0,182.0,0.363,45,60,0.75,14.0,95.0,109.0,56,36.0,9.0,37.0,81,423,20.49,11.21,Oklahoma City Thunder,2901240,2022, PG,Underperforming
Lauri Markkanen,24,40,40.0,1210,200,465,0.43,85.0,241.0,0.353,76,89,0.854,43.0,171.0,214.0,58,29.0,23.0,32.0,72,561,30.25,14.42,Cleveland Cavaliers,15690909,2022, PF,Average
Caleb Martin,26,46,10.0,1055,164,324,0.506,44.0,119.0,0.37,53,72,0.736,57.0,126.0,183.0,48,46.0,21.0,37.0,77,425,22.93,15.54,Miami Heat,1782621,2022, SF,Average
Cody Martin,26,50,11.0,1347,147,322,0.457,50.0,120.0,0.417,55,82,0.671,61.0,147.0,208.0,130,65.0,25.0,46.0,85,399,26.94,13.14,Charlotte Hornets,1782621,2022, SF,Underperforming
Garrison Mathews,25,42,19.0,1147,137,330,0.415,101.0,273.0,0.37,107,132,0.811,25.0,116.0,141.0,43,30.0,14.0,29.0,120,482,27.31,12.2,Houston Rockets,2000000,2022, SG,Underperforming
Tyrese Maxey,21,52,51.0,1848,333,701,0.475,73.0,185.0,0.395,151,173,0.873,19.0,163.0,182.0,238,37.0,26.0,61.0,109,890,35.54,15.75,Philadelphia 76ers,2602920,2022, PG,Overperforming
CJ McCollum,30,36,36.0,1267,290,665,0.436,111.0,289.0,0.384,48,68,0.706,34.0,119.0,153.0,163,36.0,21.0,70.0,77,739,35.36,16.12,New Orleans Pelicans,30864198,2022, SG,Overperforming
T.J. McConnell,29,24,6.0,581,91,181,0.503,7.0,25.0,0.28,12,15,0.8,19.0,61.0,80.0,115,25.0,9.0,28.0,43,201,24.21,14.38,Indiana Pacers,7500000,2022, PG,Worst
Jaden McDaniels,21,58,24.0,1509,204,457,0.446,60.0,205.0,0.293,47,59,0.797,68.0,178.0,246.0,68,47.0,40.0,61.0,189,515,26.02,10.68,Minnesota Timberwolves,2063280,2022, PF,Underperforming
Jalen McDaniels,24,39,2.0,685,97,197,0.492,32.0,86.0,0.372,31,46,0.674,29.0,107.0,136.0,43,20.0,16.0,30.0,70,257,17.56,13.52,Charlotte Hornets,1782621,2022, PF,Underperforming
Doug McDermott,30,45,45.0,1101,200,427,0.468,100.0,232.0,0.431,29,38,0.763,17.0,93.0,110.0,54,11.0,4.0,35.0,70,529,24.47,13.22,San Antonio Spurs,13750000,2022, SF,Average
JaVale McGee,34,54,14.0,867,226,348,0.649,2.0,7.0,0.286,74,108,0.685,123.0,248.0,371.0,34,18.0,53.0,77.0,133,528,16.06,24.58,Phoenix Suns,5000000,2022, C,Average
Jordan McLaughlin,25,43,3.0,545,47,125,0.376,10.0,49.0,0.204,23,31,0.742,10.0,48.0,58.0,116,29.0,4.0,23.0,25,127,12.67,11.73,Minnesota Timberwolves,2000000,2022, PG,Underperforming
Ben McLemore,29,43,6.0,805,129,331,0.39,96.0,263.0,0.365,29,37,0.784,11.0,57.0,68.0,38,18.0,5.0,29.0,62,383,18.72,10.79,Portland Trail Blazers,1669178,2022, SG,Worst
De'Anthony Melton,23,53,13.0,1201,190,492,0.386,85.0,249.0,0.341,61,84,0.726,53.0,188.0,241.0,144,86.0,28.0,75.0,88,526,22.66,16.17,Memphis Grizzlies,8805976,2022, SG,Underperforming
Chimezie Metu,24,42,20.0,931,143,328,0.436,40.0,143.0,0.28,51,66,0.773,28.0,218.0,246.0,47,35.0,24.0,42.0,60,377,22.17,13.37,Sacramento Kings,1762796,2022, PF,Underperforming
Khris Middleton,30,49,49.0,1577,324,734,0.441,112.0,311.0,0.36,197,224,0.879,31.0,236.0,267.0,260,57.0,13.0,143.0,123,957,32.18,18.34,Milwaukee Bucks,35500000,2022, SF,Overperforming
Patty Mills,33,60,42.0,1848,274,656,0.418,186.0,452.0,0.412,43,53,0.811,15.0,113.0,128.0,154,44.0,16.0,58.0,87,777,30.8,12.08,Brooklyn Nets,5890000,2022, PG,Average
Shake Milton,25,32,6.0,766,118,286,0.413,25.0,86.0,0.291,49,56,0.875,19.0,79.0,98.0,91,22.0,12.0,38.0,65,310,23.94,11.81,Philadelphia 76ers,1846738,2022, SG,Underperforming
Davion Mitchell,23,55,8.0,1418,229,573,0.4,75.0,236.0,0.318,25,44,0.568,30.0,97.0,127.0,187,40.0,17.0,68.0,103,558,25.78,10.7,Sacramento Kings,4603320,2022, PG,Underperforming
Donovan Mitchell,25,47,47.0,1572,437,953,0.459,160.0,448.0,0.357,183,210,0.871,42.0,154.0,196.0,244,76.0,12.0,139.0,114,1217,33.45,24.29,Utah Jazz,28103500,2022, SG,Best
Evan Mobley,20,52,52.0,1775,311,622,0.5,18.0,69.0,0.261,129,190,0.679,100.0,322.0,422.0,133,42.0,87.0,101.0,106,769,34.13,15.76,Cleveland Cavaliers,8075160,2022, C,Overperforming
Malik Monk,24,53,19.0,1432,251,536,0.468,117.0,297.0,0.394,62,80,0.775,23.0,151.0,174.0,133,38.0,20.0,72.0,90,681,27.02,14.02,Los Angeles Lakers,1669178,2022, SG,Underperforming
Ja Morant,22,48,48.0,1597,482,983,0.49,72.0,217.0,0.332,263,347,0.758,66.0,215.0,281.0,323,59.0,19.0,165.0,70,1299,33.27,27.55,Memphis Grizzlies,9603360,2022, PG,Best
Monte Morris,26,54,53.0,1623,279,577,0.484,92.0,234.0,0.393,48,56,0.857,20.0,140.0,160.0,232,37.0,9.0,56.0,65,698,30.06,14.71,Denver Nuggets,8449074,2022, PG,Average
Marcus Morris Sr.,32,37,37.0,1107,217,493,0.44,76.0,199.0,0.382,83,98,0.847,20.0,156.0,176.0,79,21.0,11.0,47.0,86,593,29.92,15.23,Los Angeles Clippers,15627907,2022, SF,Average
Trey Murphy III,21,42,0.0,521,50,149,0.336,36.0,107.0,0.336,24,28,0.857,28.0,61.0,89.0,20,12.0,6.0,12.0,39,160,12.4,8.67,New Orleans Pelicans,3053760,2022, SG,Underperforming
Dejounte Murray,25,53,53.0,1833,440,952,0.462,68.0,213.0,0.319,119,155,0.768,69.0,376.0,445.0,500,106.0,17.0,131.0,108,1067,34.58,23.26,San Antonio Spurs,15428880,2022, PG,Best
Mike Muscala,30,43,0.0,593,113,248,0.456,70.0,163.0,0.429,48,57,0.842,21.0,108.0,129.0,22,18.0,26.0,14.0,58,344,13.79,20.63,Oklahoma City Thunder,3365385,2022, C,Average
Svi Mykhailiuk,24,45,5.0,660,84,210,0.4,36.0,118.0,0.305,27,32,0.844,20.0,71.0,91.0,40,24.0,4.0,28.0,48,231,14.67,9.56,Toronto Raptors,1729217,2022, SG,Underperforming
Larry Nance Jr.,29,37,11.0,859,102,198,0.515,19.0,62.0,0.306,32,49,0.653,58.0,151.0,209.0,73,38.0,13.0,27.0,67,255,23.22,13.47,Portland Trail Blazers,10690909,2022, PF,Worst
Raul Neto,29,51,7.0,1057,159,350,0.454,26.0,98.0,0.265,62,83,0.747,11.0,90.0,101.0,151,42.0,1.0,62.0,82,406,20.73,12.15,Washington Wizards,1669178,2022, PG,Worst
Georges Niang,28,55,6.0,1278,181,420,0.431,107.0,270.0,0.396,44,51,0.863,21.0,126.0,147.0,83,21.0,10.0,46.0,144,513,23.24,10.59,Philadelphia 76ers,3300000,2022, SF,Worst
Zeke Nnaji,21,39,1.0,651,95,176,0.54,37.0,76.0,0.487,38,62,0.613,55.0,89.0,144.0,15,12.0,13.0,21.0,76,265,16.69,14.24,Denver Nuggets,2498760,2022, PF,Underperforming
Nerlens Noel,27,25,11.0,562,32,60,0.533,0.0,3.0,0.0,21,30,0.7,48.0,93.0,141.0,23,30.0,31.0,20.0,67,85,22.48,11.77,New York Knicks,8000000,2022, C,Worst
Jaylen Nowell,22,43,1.0,629,126,271,0.465,37.0,100.0,0.37,41,55,0.745,15.0,68.0,83.0,88,23.0,6.0,22.0,49,330,14.63,18.02,Minnesota Timberwolves,1782621,2022, SG,Average
Frank Ntilikina,23,47,5.0,589,72,190,0.379,34.0,100.0,0.34,23,24,0.958,7.0,56.0,63.0,54,24.0,6.0,26.0,51,201,12.53,9.3,Dallas Mavericks,1669178,2022, PG,Underperforming
Jusuf Nurkic,27,56,56.0,1578,321,600,0.535,15.0,56.0,0.268,185,268,0.69,167.0,452.0,619.0,157,62.0,34.0,143.0,189,842,28.18,19.26,Portland Trail Blazers,12000000,2022, C,Overperforming
David Nwaba,29,38,4.0,525,71,152,0.467,10.0,39.0,0.256,41,57,0.719,36.0,104.0,140.0,30,24.0,18.0,18.0,48,193,13.82,14.96,Houston Rockets,4650000,2022, SF,Worst
Jordan Nwora,23,47,10.0,912,148,362,0.409,67.0,183.0,0.366,18,23,0.783,31.0,140.0,171.0,46,23.0,13.0,44.0,57,381,19.4,11.35,Milwaukee Bucks,1517981,2022, SF,Underperforming
Royce O'Neale,28,55,55.0,1727,150,305,0.492,83.0,205.0,0.405,37,46,0.804,43.0,228.0,271.0,137,72.0,26.0,53.0,131,420,31.4,11.54,Utah Jazz,8800000,2022, PF,Average
Chuma Okeke,23,50,10.0,1202,156,399,0.391,77.0,241.0,0.32,39,46,0.848,34.0,203.0,237.0,80,74.0,29.0,39.0,66,428,24.04,13.35,Orlando Magic,3277080,2022, PF,Underperforming
Onyeka Okongwu,21,28,6.0,604,101,137,0.737,0.0,0.0,0.0,48,66,0.727,62.0,92.0,154.0,34,19.0,40.0,32.0,89,250,21.57,19.54,Atlanta Hawks,6104280,2022, PF,Average
Isaac Okoro,21,45,39.0,1305,143,306,0.467,38.0,117.0,0.325,78,102,0.765,48.0,95.0,143.0,83,37.0,14.0,45.0,118,402,29.0,10.16,Cleveland Cavaliers,6720720,2022, SF,Underperforming
Cedi Osman,26,48,3.0,1106,184,437,0.421,97.0,270.0,0.359,61,95,0.642,19.0,92.0,111.0,97,41.0,8.0,47.0,90,526,23.04,13.28,Cleveland Cavaliers,8133334,2022, SF,Underperforming
Kelly Oubre Jr.,26,55,13.0,1570,326,745,0.438,151.0,440.0,0.343,96,141,0.681,65.0,162.0,227.0,62,65.0,23.0,57.0,144,899,28.55,16.8,Charlotte Hornets,12000000,2022, SG,Overperforming
Eric Paschall,25,45,1.0,591,87,179,0.486,34.0,90.0,0.378,50,66,0.758,25.0,66.0,91.0,28,7.0,4.0,25.0,43,258,13.13,14.07,Utah Jazz,1782621,2022, PF,Underperforming
Chris Paul,36,58,58.0,1916,325,667,0.487,60.0,182.0,0.33,156,185,0.843,16.0,243.0,259.0,619,108.0,18.0,138.0,118,866,33.03,20.73,Phoenix Suns,30000000,2022, PG,Average
Cameron Payne,27,40,0.0,815,158,391,0.404,45.0,134.0,0.336,57,66,0.864,16.0,94.0,110.0,144,23.0,12.0,71.0,75,418,20.38,13.66,Phoenix Suns,6500000,2022, PG,Worst
Gary Payton II,29,57,11.0,948,163,264,0.617,36.0,96.0,0.375,29,50,0.58,54.0,142.0,196.0,45,80.0,18.0,29.0,96,391,16.63,19.84,Golden State Warriors,1669178,2022, SG,Average
Mason Plumlee,31,52,52.0,1327,153,240,0.638,0.0,2.0,0.0,44,118,0.373,135.0,284.0,419.0,158,47.0,32.0,71.0,160,350,25.52,15.1,Charlotte Hornets,9248333,2022, C,Average
Jakob Poeltl,26,50,49.0,1455,302,487,0.62,1.0,1.0,1.0,65,139,0.468,196.0,264.0,460.0,146,36.0,89.0,79.0,151,670,29.1,22.0,San Antonio Spurs,8750000,2022, C,Overperforming
Aleksej Pokusevski,20,44,2.0,734,106,265,0.4,32.0,116.0,0.276,11,18,0.611,43.0,147.0,190.0,52,23.0,25.0,52.0,53,255,16.68,11.28,Oklahoma City Thunder,3113160,2022, C,Underperforming
Jordan Poole,22,54,35.0,1554,300,683,0.439,126.0,373.0,0.338,156,169,0.923,25.0,142.0,167.0,190,44.0,16.0,125.0,140,882,28.78,16.21,Golden State Warriors,2161440,2022, SG,Overperforming
Kevin Porter Jr.,21,40,40.0,1194,186,471,0.395,91.0,240.0,0.379,77,127,0.606,30.0,129.0,159.0,242,48.0,10.0,137.0,100,540,29.85,12.28,Houston Rockets,1782621,2022, SG,Underperforming
Otto Porter Jr.,28,49,13.0,1050,156,327,0.477,70.0,180.0,0.389,30,39,0.769,53.0,205.0,258.0,75,53.0,24.0,25.0,65,412,21.43,17.59,Golden State Warriors,1669178,2022, SF,Average
Bobby Portis,27,52,47.0,1504,318,655,0.485,105.0,255.0,0.412,71,96,0.74,133.0,344.0,477.0,66,39.0,41.0,74.0,137,812,28.92,18.9,Milwaukee Bucks,4347600,2022, C,Overperforming
Kristaps Porzingis,26,34,34.0,1002,229,508,0.451,49.0,173.0,0.283,147,170,0.865,64.0,197.0,261.0,69,25.0,59.0,53.0,88,654,29.47,20.89,Dallas Mavericks,31650600,2022, C,Overperforming
Dwight Powell,30,60,49.0,1240,172,263,0.654,13.0,32.0,0.406,99,132,0.75,123.0,144.0,267.0,66,30.0,25.0,46.0,148,456,20.67,15.66,Dallas Mavericks,11080125,2022, C,Average
Norman Powell,28,40,39.0,1333,247,542,0.456,93.0,229.0,0.406,159,198,0.803,17.0,114.0,131.0,82,40.0,17.0,62.0,92,746,32.86,15.08,Los Angeles Clippers,15517241,2022, SF,Average
Taurean Prince,27,49,8.0,764,101,226,0.447,53.0,139.0,0.381,28,37,0.757,18.0,95.0,113.0,44,27.0,13.0,35.0,70,283,15.59,11.7,Minnesota Timberwolves,13000000,2022, PF,Worst
Payton Pritchard,24,51,2.0,644,94,240,0.392,53.0,144.0,0.368,14,14,1.0,16.0,64.0,80.0,93,10.0,4.0,33.0,44,255,12.63,12.2,Boston Celtics,2137440,2022, PG,Underperforming
Immanuel Quickley,22,56,2.0,1187,174,472,0.369,89.0,273.0,0.326,85,93,0.914,20.0,109.0,129.0,166,33.0,3.0,71.0,127,522,21.2,12.29,New York Knicks,2210640,2022, SG,Underperforming
Julius Randle,27,58,58.0,2069,408,980,0.416,93.0,308.0,0.302,232,302,0.768,105.0,485.0,590.0,305,44.0,34.0,206.0,164,1141,35.67,17.36,New York Knicks,21780000,2022, PF,Overperforming
Cam Reddish,22,34,7.0,797,138,343,0.402,58.0,153.0,0.379,72,80,0.9,20.0,64.0,84.0,38,35.0,11.0,44.0,45,406,20.84,13.23,New York Knicks,4670160,2022, SF,Underperforming
Naz Reid,22,58,5.0,924,171,363,0.471,42.0,124.0,0.339,83,112,0.741,80.0,141.0,221.0,52,25.0,61.0,58.0,126,467,15.93,17.58,Minnesota Timberwolves,1782621,2022, C,Average
Josh Richardson,28,44,0.0,1087,152,343,0.443,62.0,156.0,0.397,61,71,0.859,26.0,99.0,125.0,66,34.0,23.0,39.0,82,427,24.52,13.0,Boston Celtics,11615328,2022, SG,Worst
Austin Rivers,29,46,13.0,976,103,248,0.415,56.0,162.0,0.346,20,29,0.69,15.0,65.0,80.0,55,34.0,4.0,39.0,75,282,21.22,7.66,Denver Nuggets,1669178,2022, SG,Worst
Duncan Robinson,27,58,53.0,1570,225,570,0.395,174.0,482.0,0.361,40,48,0.833,20.0,150.0,170.0,90,35.0,11.0,49.0,156,664,27.07,11.22,Miami Heat,15650000,2022, SG,Average
Mitchell Robinson,23,54,45.0,1377,189,249,0.759,0.0,0.0,0.0,68,131,0.519,206.0,266.0,472.0,23,36.0,89.0,43.0,147,446,25.5,20.5,New York Knicks,1802057,2022, C,Average
Jeremiah Robinson-Earl,21,44,36.0,1014,117,292,0.401,50.0,150.0,0.333,30,42,0.714,71.0,183.0,254.0,44,27.0,15.0,35.0,74,314,23.05,11.38,Oklahoma City Thunder,2000000,2022, PF,Underperforming
Derrick Rose,33,26,4.0,636,122,274,0.445,37.0,92.0,0.402,30,31,0.968,21.0,57.0,78.0,103,22.0,12.0,39.0,15,311,24.46,18.53,New York Knicks,13445120,2022, PG,Average
Terrence Ross,31,52,0.0,1255,192,473,0.406,68.0,219.0,0.311,98,113,0.867,16.0,119.0,135.0,102,24.0,12.0,68.0,59,550,24.13,11.46,Orlando Magic,12500000,2022, SG,Average
Terry Rozier,27,52,52.0,1753,359,832,0.431,154.0,427.0,0.361,104,127,0.819,39.0,184.0,223.0,226,59.0,19.0,66.0,84,976,33.71,18.26,Charlotte Hornets,17905263,2022, SG,Overperforming
Ricky Rubio,31,34,8.0,970,149,411,0.363,59.0,174.0,0.339,88,103,0.854,15.0,126.0,141.0,225,49.0,7.0,90.0,75,445,28.53,14.04,Cleveland Cavaliers,17800000,2022, PG,Average
D'Angelo Russell,26,47,47.0,1515,311,747,0.416,140.0,400.0,0.35,143,176,0.813,17.0,145.0,162.0,327,42.0,21.0,120.0,102,905,32.23,18.34,Minnesota Timberwolves,30013500,2022, PG,Overperforming
Domantas Sabonis,25,47,46.0,1632,331,571,0.58,35.0,108.0,0.324,191,258,0.74,155.0,412.0,567.0,236,46.0,22.0,143.0,146,888,34.57,20.77,Sacramento Kings,19800000,2022, PF,Overperforming
Dennis Schroder,28,49,25.0,1433,257,584,0.44,67.0,192.0,0.349,123,145,0.848,28.0,136.0,164.0,208,41.0,5.0,104.0,116,704,29.19,14.77,Houston Rockets,5890000,2022, PG,Average
Alperen Sengun,19,51,5.0,956,156,325,0.48,18.0,66.0,0.273,113,161,0.702,86.0,160.0,246.0,129,41.0,49.0,106.0,146,443,18.75,16.29,Houston Rockets,3214680,2022, C,Underperforming
Landry Shamet,24,47,7.0,928,113,307,0.368,75.0,214.0,0.35,48,56,0.857,11.0,80.0,91.0,73,21.0,4.0,25.0,55,349,19.74,10.22,Phoenix Suns,3768342,2022, SG,Underperforming
Pascal Siakam,27,46,46.0,1728,381,781,0.488,48.0,140.0,0.343,176,239,0.736,94.0,300.0,394.0,236,57.0,32.0,125.0,157,986,37.57,18.23,Toronto Raptors,33003936,2022, PF,Overperforming
Anfernee Simons,22,54,27.0,1584,333,744,0.448,166.0,412.0,0.403,91,102,0.892,26.0,120.0,146.0,208,29.0,6.0,105.0,103,923,29.33,15.56,Portland Trail Blazers,3938818,2022, SG,Overperforming
Marcus Smart,27,52,52.0,1696,208,502,0.414,80.0,246.0,0.325,110,140,0.786,34.0,170.0,204.0,280,95.0,14.0,105.0,126,606,32.62,13.82,Boston Celtics,14339285,2022, PG,Average
Ish Smith,33,37,1.0,511,73,185,0.395,10.0,25.0,0.4,12,19,0.632,11.0,46.0,57.0,98,20.0,10.0,36.0,34,168,14.95,10.99,Washington Wizards,4500000,2022, PG,Worst
Dennis Smith Jr.,24,37,4.0,639,79,189,0.418,6.0,27.0,0.222,42,64,0.656,20.0,68.0,88.0,132,45.0,12.0,51.0,52,206,17.27,12.54,Portland Trail Blazers,1669178,2022, PG,Underperforming
Tony Snell,30,38,10.0,546,36,97,0.371,24.0,75.0,0.32,3,3,1.0,11.0,61.0,72.0,20,8.0,7.0,11.0,44,99,14.88,5.1,New Orleans Pelicans,1669178,2022, SF,Worst
Lamar Stevens,24,42,8.0,593,84,177,0.475,13.0,44.0,0.295,25,40,0.625,29.0,62.0,91.0,25,20.0,9.0,22.0,60,206,14.12,10.86,Cleveland Cavaliers,1517981,2022, F,Underperforming
Isaiah Stewart,20,52,52.0,1349,189,363,0.521,4.0,25.0,0.16,53,77,0.688,162.0,277.0,439.0,55,17.0,59.0,65.0,149,435,25.94,12.79,Detroit Pistons,3277080,2022, C,Underperforming
Max Strus,25,48,9.0,1127,175,401,0.436,123.0,306.0,0.402,33,43,0.767,19.0,131.0,150.0,61,16.0,10.0,37.0,81,506,23.48,13.22,Miami Heat,1669178,2022, SG,Underperforming
Jalen Suggs,20,40,37.0,1114,173,474,0.365,37.0,164.0,0.226,112,145,0.772,25.0,122.0,147.0,170,50.0,16.0,124.0,123,495,27.85,9.97,Orlando Magic,6593040,2022, SG,Underperforming
Jae'Sean Tate,26,57,56.0,1564,282,555,0.508,43.0,149.0,0.289,114,159,0.717,97.0,220.0,317.0,177,55.0,34.0,109.0,214,721,27.44,15.68,Houston Rockets,1517981,2022, SF,Average
Jayson Tatum,23,58,58.0,2094,518,1194,0.434,162.0,486.0,0.333,297,351,0.846,68.0,419.0,487.0,243,57.0,41.0,167.0,134,1495,36.1,21.6,Boston Celtics,28103500,2022, SF,Best
Garrett Temple,35,55,16.0,1054,106,280,0.379,55.0,174.0,0.316,28,41,0.683,29.0,110.0,139.0,71,41.0,23.0,40.0,80,295,19.16,8.56,New Orleans Pelicans,4910000,2022, SF,Worst
Daniel Theis,29,26,21.0,584,84,179,0.469,23.0,79.0,0.291,27,40,0.675,32.0,98.0,130.0,20,11.0,17.0,31.0,62,218,21.55,11.35,Boston Celtics,8280351,2022, C,Worst
Cam Thomas,20,50,2.0,983,191,433,0.441,42.0,155.0,0.271,65,80,0.813,11.0,116.0,127.0,67,28.0,7.0,41.0,50,489,19.66,13.35,Brooklyn Nets,2036280,2022, SG,Underperforming
Matisse Thybulle,24,44,29.0,1157,102,207,0.493,31.0,108.0,0.287,18,25,0.72,26.0,78.0,104.0,52,80.0,47.0,30.0,98,253,26.3,10.26,Philadelphia 76ers,2840160,2022, SG,Underperforming
Obi Toppin,23,55,2.0,826,154,303,0.508,21.0,95.0,0.221,67,90,0.744,51.0,144.0,195.0,48,14.0,23.0,43.0,74,396,15.02,17.52,New York Knicks,5105160,2022, PF,Average
Juan Toscano-Anderson,28,57,5.0,829,101,206,0.49,23.0,76.0,0.303,34,57,0.596,26.0,126.0,152.0,108,40.0,15.0,61.0,91,259,14.54,12.3,Golden State Warriors,1701593,2022, SF,Worst
Karl-Anthony Towns,26,54,54.0,1844,470,905,0.519,114.0,279.0,0.409,262,320,0.819,149.0,374.0,523.0,213,54.0,61.0,170.0,196,1316,34.15,24.98,Minnesota Timberwolves,31650600,2022, C,Best
Gary Trent Jr.,23,50,49.0,1735,331,774,0.428,156.0,393.0,0.397,94,115,0.817,15.0,120.0,135.0,94,92.0,15.0,50.0,104,912,34.7,14.42,Toronto Raptors,16000000,2022, SG,Overperforming
P.J. Tucker,36,54,53.0,1540,169,340,0.497,74.0,163.0,0.454,39,54,0.722,77.0,214.0,291.0,113,42.0,12.0,53.0,131,451,28.52,12.13,Miami Heat,7000000,2022, PF,Average
Myles Turner,25,42,42.0,1235,200,393,0.509,61.0,183.0,0.333,79,105,0.752,65.0,232.0,297.0,44,28.0,118.0,54.0,119,540,29.4,16.33,Indiana Pacers,18000000,2022, C,Average
Jonas Valanciunas,29,54,54.0,1690,373,696,0.536,47.0,125.0,0.376,178,217,0.82,175.0,452.0,627.0,137,26.0,49.0,133.0,175,971,31.3,20.3,New Orleans Pelicans,14000000,2022, C,Overperforming
Fred VanVleet,28,52,52.0,1984,374,901,0.415,208.0,522.0,0.398,156,178,0.876,39.0,195.0,234.0,361,83.0,27.0,139.0,124,1112,38.15,17.24,Toronto Raptors,19675926,2022, SG,Overperforming
Jarred Vanderbilt,22,56,49.0,1450,166,282,0.589,2.0,12.0,0.167,62,97,0.639,174.0,323.0,497.0,75,81.0,39.0,54.0,142,396,25.89,16.22,Minnesota Timberwolves,4050000,2022, PF,Underperforming
Devin Vassell,21,53,14.0,1381,239,551,0.434,93.0,271.0,0.343,51,62,0.823,30.0,198.0,228.0,94,52.0,33.0,41.0,108,622,26.06,14.44,San Antonio Spurs,4235160,2022, SG,Underperforming
Gabe Vincent,25,52,19.0,1254,171,405,0.422,95.0,254.0,0.374,39,47,0.83,20.0,85.0,105.0,175,50.0,12.0,78.0,129,476,24.12,12.11,Miami Heat,1669178,2022, PG,Underperforming
Nikola Vucevic,31,54,54.0,1829,409,873,0.468,80.0,259.0,0.309,70,92,0.761,108.0,523.0,631.0,192,52.0,64.0,104.0,135,968,33.87,19.49,Chicago Bulls,24000000,2022, C,Overperforming
Dean Wade,25,45,25.0,867,88,194,0.454,48.0,131.0,0.366,19,29,0.655,28.0,109.0,137.0,50,26.0,6.0,16.0,74,243,19.27,10.33,Cleveland Cavaliers,1782621,2022, PF,Underperforming
Franz Wagner,20,61,61.0,1947,360,775,0.465,78.0,219.0,0.356,150,177,0.847,66.0,217.0,283.0,181,53.0,28.0,99.0,129,948,31.92,15.48,Orlando Magic,5007840,2022, SF,Overperforming
Moritz Wagner,24,45,0.0,564,119,238,0.5,41.0,124.0,0.331,63,79,0.797,22.0,88.0,110.0,49,13.0,10.0,32.0,82,342,12.53,19.12,Orlando Magic,1729217,2022, C,Average
Kemba Walker,31,37,37.0,948,149,370,0.403,73.0,199.0,0.367,60,71,0.845,14.0,97.0,111.0,131,26.0,7.0,48.0,37,431,25.62,15.22,New York Knicks,8729020,2022, PG,Average
Lonnie Walker IV,23,56,6.0,1289,242,601,0.403,81.0,266.0,0.305,85,108,0.787,15.0,131.0,146.0,124,35.0,17.0,62.0,85,650,23.02,13.0,San Antonio Spurs,4447896,2022, SG,Underperforming
P.J. Washington,23,44,7.0,1119,154,347,0.444,79.0,211.0,0.374,47,65,0.723,57.0,190.0,247.0,89,37.0,42.0,58.0,109,434,25.43,14.54,Charlotte Hornets,4215120,2022, PF,Underperforming
Russell Westbrook,33,58,58.0,2003,403,923,0.437,59.0,200.0,0.295,195,294,0.663,80.0,367.0,447.0,431,61.0,15.0,231.0,173,1060,34.53,14.86,Los Angeles Lakers,44211146,2022, PG,Overperforming
Coby White,22,41,15.0,1156,204,451,0.452,97.0,242.0,0.401,65,77,0.844,13.0,112.0,125.0,117,20.0,10.0,49.0,97,570,28.2,14.71,Chicago Bulls,5837760,2022, PG,Underperforming
Derrick White,27,49,48.0,1486,243,570,0.426,81.0,258.0,0.314,139,160,0.869,25.0,148.0,173.0,274,49.0,42.0,87.0,116,706,29.95,16.56,Boston Celtics,15178571,2022, PG,Average
Hassan Whiteside,32,47,7.0,865,160,254,0.63,0.0,0.0,0.0,81,123,0.659,117.0,250.0,367.0,19,14.0,71.0,41.0,138,401,18.4,22.51,Utah Jazz,1669178,2022, C,Average
Andrew Wiggins,27,55,55.0,1739,365,764,0.478,124.0,303.0,0.409,113,173,0.653,56.0,176.0,232.0,117,56.0,39.0,79.0,105,967,31.62,17.84,Golden State Warriors,31579390,2022, SF,Overperforming
Grant Williams,23,57,15.0,1334,148,300,0.493,87.0,198.0,0.439,50,55,0.909,42.0,142.0,184.0,64,29.0,41.0,42.0,130,433,23.4,12.38,Boston Celtics,2617800,2022, PF,Underperforming
Kenrich Williams,27,49,0.0,1072,146,317,0.461,41.0,121.0,0.339,30,55,0.545,75.0,145.0,220.0,108,44.0,10.0,46.0,81,363,21.88,14.1,Oklahoma City Thunder,2000000,2022, SF,Worst
Lou Williams,35,41,0.0,598,97,248,0.391,30.0,84.0,0.357,50,56,0.893,12.0,53.0,65.0,81,20.0,3.0,33.0,38,274,14.59,12.77,Atlanta Hawks,5000000,2022, SG,Worst
Ziaire Williams,20,42,21.0,917,126,279,0.452,46.0,157.0,0.293,23,29,0.793,15.0,66.0,81.0,36,24.0,7.0,25.0,83,321,21.83,10.18,Memphis Grizzlies,4373040,2022, SG,Underperforming
Robert Williams III,24,49,49.0,1459,217,298,0.728,0.0,1.0,0.0,56,79,0.709,193.0,282.0,475.0,98,43.0,105.0,57.0,106,490,29.78,21.79,Boston Celtics,3661976,2022, C,Overperforming
Christian Wood,26,55,54.0,1696,355,732,0.485,101.0,272.0,0.371,157,263,0.597,97.0,464.0,561.0,121,42.0,51.0,105.0,136,968,30.84,18.8,Houston Rockets,13666667,2022, C,Overperforming
Delon Wright,29,55,5.0,994,87,194,0.448,31.0,79.0,0.392,35,42,0.833,36.0,121.0,157.0,132,55.0,11.0,36.0,40,240,18.07,12.43,Atlanta Hawks,8526316,2022, SG,Worst
Trae Young,23,55,55.0,1898,515,1126,0.457,159.0,421.0,0.378,341,381,0.895,35.0,178.0,213.0,514,54.0,6.0,225.0,88,1530,34.51,24.61,Atlanta Hawks,8326471,2022, PG,Best
Omer Yurtseven,23,43,10.0,606,115,212,0.542,1.0,7.0,0.143,35,55,0.636,72.0,180.0,252.0,44,15.0,18.0,36.0,73,266,14.09,19.06,Miami Heat,1489065,2022, C,Average
Ivica Zubac,24,56,56.0,1351,209,324,0.645,0.0,0.0,0.0,122,171,0.713,146.0,303.0,449.0,77,25.0,53.0,83.0,140,540,24.12,18.39,Los Angeles Clippers,7518518,2022, C,Average
