FIRST_NAME,LAST_NAME,P_ID,SEASON_ID,TEAM_ID,TEAM_ABBREVIATION,AGE,GP,GS,MIN,FGM,FGA,FG%,FG3M,FG3A,FG3%,FTM,FTA,FT_PCT,OREB,DREB,REB,AST,STL,BLK,TOV,PF,PTS,TEAM,MPG,PER
Precious,Achiuwa,1630173,2021-22,1610612761,TOR,22,54,23.0,1253,179,416,0.43,26.0,77.0,0.338,57,100,0.57,118.0,255.0,373.0,62,27.0,31.0,57.0,110,441,Toronto Raptors,23.2,11.81
Steven,Adams,203500,2021-22,1610612763,MEM,28,60,59.0,1584,165,304,0.543,0.0,0.0,0.0,89,161,0.553,277.0,315.0,592.0,199,50.0,44.0,97.0,113,419,Memphis Grizzlies,26.4,17.82
Bam,Adebayo,1628389,2021-22,1610612748,MIA,24,39,39.0,1302,286,531,0.539,0.0,5.0,0.0,176,237,0.743,101.0,300.0,401.0,142,60.0,33.0,108.0,124,748,Miami Heat,33.38,22.26
LaMarcus,Aldridge,200746,2021-22,1610612751,BKN,36,44,12.0,1004,245,445,0.551,14.0,45.0,0.311,89,102,0.873,69.0,178.0,247.0,40,14.0,45.0,41.0,72,593,Brooklyn Nets,22.82,20.64
Nickeil,Alexander-Walker,1629638,2021-22,1610612740,NOP,23,50,19.0,1317,237,632,0.375,95.0,305.0,0.311,70,97,0.722,36.0,128.0,164.0,139,41.0,19.0,85.0,88,639,New Orleans Pelicans,25.09,11.19
Grayson,Allen,1628960,2021-22,1610612749,MIL,26,53,52.0,1466,208,485,0.429,130.0,332.0,0.392,52,61,0.852,26.0,153.0,179.0,77,41.0,15.0,30.0,77,598,Milwaukee Bucks,27.66,12.87
Jarrett,Allen,1628386,2021-22,1610612739,CLE,23,55,55.0,1800,366,541,0.677,1.0,10.0,0.1,165,233,0.708,192.0,408.0,600.0,92,44.0,73.0,94.0,97,898,Cleveland Cavaliers,32.73,22.49
Kyle,Anderson,203937,2021-22,1610612763,MEM,28,51,8.0,1113,152,350,0.434,27.0,80.0,0.338,49,77,0.636,52.0,221.0,273.0,139,59.0,31.0,52.0,81,380,Memphis Grizzlies,21.82,15.18
Giannis,Antetokounmpo,203507,2021-22,1610612749,MIL,27,53,53.0,1741,531,978,0.543,60.0,202.0,0.297,438,605,0.724,105.0,509.0,614.0,318,55.0,74.0,177.0,169,1560,Milwaukee Bucks,32.85,31.98
Carmelo,Anthony,2546,2021-22,1610612747,LAL,37,54,3.0,1442,252,569,0.443,124.0,319.0,0.389,108,129,0.837,46.0,177.0,223.0,55,41.0,45.0,47.0,124,736,Los Angeles Lakers,26.7,15.29
Cole,Anthony,1630175,2021-22,1610612753,ORL,21,50,50.0,1650,295,750,0.393,104.0,318.0,0.327,172,201,0.856,28.0,261.0,289.0,289,42.0,14.0,141.0,133,866,Orlando Magic,33.0,14.9
OG,Anunoby,1628384,2021-22,1610612761,TOR,24,42,42.0,1541,277,635,0.436,100.0,285.0,0.351,80,107,0.748,66.0,165.0,231.0,110,65.0,24.0,74.0,124,734,Toronto Raptors,36.69,14.01
D.J.,Augustin,201571,2021-22,1610612745,HOU,34,34,2.0,510,55,136,0.404,39.0,96.0,0.406,33,38,0.868,7.0,34.0,41.0,74,10.0,0.0,45.0,17,182,Houston Rockets,15.2,10.16
Deni,Avdija,1630166,2021-22,1610612764,WAS,21,62,6.0,1451,173,392,0.441,56.0,176.0,0.318,71,92,0.772,39.0,277.0,316.0,104,49.0,36.0,58.0,143,473,Washington Wizards,23.4,11.61
Deandre,Ayton,1629028,2021-22,1610612756,PHX,23,42,42.0,1231,302,474,0.637,4.0,12.0,0.333,76,106,0.717,104.0,307.0,411.0,59,33.0,35.0,68.0,97,684,Phoenix Suns,29.31,22.37
Marvin,Bagley III,1628963,2021-22,1610612758,SAC,22,30,17.0,656,114,246,0.463,15.0,62.0,0.242,35,47,0.745,67.0,148.0,215.0,17,9.0,11.0,21.0,50,278,Sacramento Kings,21.91,14.6
LaMelo,Ball,1630163,2021-22,1610612766,CHA,20,57,57.0,1839,399,956,0.417,151.0,410.0,0.368,169,196,0.862,91.0,301.0,392.0,419,88.0,24.0,181.0,185,1118,Charlotte Hornets,32.26,20.71
Lonzo,Ball,1628366,2021-22,1610612741,CHI,24,35,35.0,1212,162,383,0.423,110.0,260.0,0.423,21,28,0.75,35.0,155.0,190.0,178,64.0,31.0,82.0,85,455,Chicago Bulls,34.63,14.72
Mo,Bamba,1628964,2021-22,1610612753,ORL,23,53,51.0,1387,215,452,0.476,66.0,193.0,0.342,46,56,0.821,113.0,308.0,421.0,65,31.0,94.0,63.0,140,542,Orlando Magic,26.17,16.4
Desmond,Bane,1630217,2021-22,1610612763,MEM,23,60,60.0,1811,388,862,0.45,171.0,417.0,0.41,104,115,0.904,34.0,233.0,267.0,152,68.0,25.0,92.0,157,1051,Memphis Grizzlies,30.18,18.07
Dalano,Banton,1630625,2021-22,1610612761,TOR,22,53,1.0,603,75,183,0.41,13.0,48.0,0.271,22,35,0.629,33.0,75.0,108.0,81,25.0,9.0,51.0,59,185,Toronto Raptors,11.38,9.46
Harrison,Barnes,203084,2021-22,1610612758,SAC,29,60,60.0,2027,314,666,0.471,118.0,283.0,0.417,295,354,0.833,69.0,292.0,361.0,148,44.0,10.0,97.0,74,1041,Sacramento Kings,33.78,16.57
Scottie,Barnes,1630567,2021-22,1610612761,TOR,20,55,55.0,1941,326,672,0.485,44.0,142.0,0.31,121,163,0.742,142.0,273.0,415.0,179,59.0,45.0,109.0,144,817,Toronto Raptors,35.29,14.91
RJ,Barrett,1629628,2021-22,1610612752,NYK,21,52,52.0,1747,344,836,0.411,106.0,300.0,0.353,189,273,0.692,45.0,252.0,297.0,145,28.0,14.0,107.0,109,983,New York Knicks,33.6,15.0
Will,Barton,203115,2021-22,1610612743,DEN,31,56,56.0,1789,316,720,0.439,122.0,342.0,0.357,83,104,0.798,33.0,242.0,275.0,216,45.0,29.0,101.0,87,837,Denver Nuggets,31.95,14.17
Keita,Bates-Diop,1628966,2021-22,1610612759,SAS,26,49,13.0,807,109,212,0.514,17.0,47.0,0.362,34,48,0.708,49.0,144.0,193.0,33,26.0,14.0,35.0,53,269,San Antonio Spurs,16.47,12.87
Nicolas,Batum,201587,2021-22,1610612746,LAC,33,44,39.0,1074,135,284,0.475,82.0,200.0,0.41,16,24,0.667,20.0,175.0,195.0,67,41.0,32.0,29.0,58,368,Los Angeles Clippers,24.41,14.3
Kent,Bazemore,203145,2021-22,1610612747,LAL,32,35,14.0,504,45,130,0.346,29.0,74.0,0.392,13,17,0.765,11.0,52.0,63.0,33,23.0,8.0,16.0,61,132,Los Angeles Lakers,14.4,7.43
Darius,Bazley,1629647,2021-22,1610612760,OKC,21,58,42.0,1588,206,514,0.401,59.0,203.0,0.291,89,128,0.695,63.0,316.0,379.0,78,51.0,64.0,76.0,54,560,Oklahoma City Thunder,27.38,12.62
Bradley,Beal,203078,2021-22,1610612764,WAS,28,40,40.0,1439,348,771,0.451,63.0,210.0,0.3,169,203,0.833,38.0,151.0,189.0,265,36.0,15.0,135.0,95,928,Washington Wizards,35.98,18.54
Malik,Beasley,1627736,2021-22,1610612750,MIN,25,63,10.0,1582,272,707,0.385,189.0,514.0,0.368,32,42,0.762,23.0,163.0,186.0,91,31.0,9.0,38.0,75,765,Minnesota Timberwolves,25.11,12.7
DeAndre',Bembry,1627761,2021-22,1610612751,BKN,27,48,20.0,949,121,213,0.568,15.0,36.0,0.417,21,35,0.6,38.0,114.0,152.0,60,47.0,25.0,30.0,104,278,Brooklyn Nets,19.06,12.42
Davis,Bertans,202722,2021-22,1610612764,WAS,29,34,0.0,501,60,171,0.351,46.0,144.0,0.319,28,30,0.933,6.0,55.0,61.0,16,11.0,6.0,14.0,55,194,Washington Wizards,14.8,8.79
Patrick,Beverley,201976,2021-22,1610612750,MIN,33,45,41.0,1177,140,350,0.4,67.0,198.0,0.338,64,90,0.711,49.0,140.0,189.0,220,52.0,41.0,61.0,141,411,Minnesota Timberwolves,26.16,14.73
Saddiq,Bey,1630180,2021-22,1610612765,DET,22,64,64.0,2152,356,899,0.396,165.0,474.0,0.348,159,191,0.832,95.0,275.0,370.0,180,54.0,15.0,83.0,100,1036,Detroit Pistons,33.62,14.04
Khem,Birch,203920,2021-22,1610612761,TOR,29,37,14.0,667,66,138,0.478,0.0,8.0,0.0,38,52,0.731,82.0,76.0,158.0,40,24.0,18.0,19.0,66,170,Toronto Raptors,18.03,12.57
Nemanja,Bjelica,202357,2021-22,1610612744,GSW,33,56,0.0,845,125,273,0.458,42.0,123.0,0.341,45,66,0.682,46.0,170.0,216.0,106,32.0,19.0,61.0,91,337,Golden State Warriors,15.09,15.21
Eric,Bledsoe,202339,2021-22,1610612746,LAC,32,54,29.0,1361,197,468,0.421,51.0,163.0,0.313,89,117,0.761,28.0,154.0,182.0,225,69.0,19.0,116.0,85,534,Los Angeles Clippers,25.2,13.42
Bogdan,Bogdanovic,203992,2021-22,1610612737,ATL,29,45,26.0,1319,232,529,0.439,116.0,309.0,0.375,54,66,0.818,17.0,162.0,179.0,132,45.0,10.0,51.0,91,634,Atlanta Hawks,29.31,14.81
Bojan,Bogdanovic,202711,2021-22,1610612762,UTA,32,60,60.0,1857,360,800,0.45,145.0,389.0,0.373,185,213,0.869,52.0,207.0,259.0,99,27.0,1.0,105.0,98,1050,Utah Jazz,30.95,16.03
Devin,Booker,1626164,2021-22,1610612756,PHX,25,54,54.0,1856,504,1124,0.448,141.0,383.0,0.368,236,273,0.864,41.0,239.0,280.0,251,62.0,21.0,132.0,134,1385,Phoenix Suns,34.37,21.29
Brandon,Boston Jr.,1630527,2021-22,1610612746,LAC,20,44,0.0,647,104,279,0.373,30.0,98.0,0.306,52,61,0.852,15.0,85.0,100.0,38,23.0,11.0,27.0,35,290,Los Angeles Clippers,14.7,12.06
Chris,Boucher,1628449,2021-22,1610612761,TOR,29,61,8.0,1234,190,406,0.468,45.0,160.0,0.281,115,150,0.767,125.0,236.0,361.0,19,36.0,59.0,34.0,133,540,Toronto Raptors,20.23,16.43
Avery,Bradley,202340,2021-22,1610612747,LAL,31,49,42.0,1165,123,299,0.411,67.0,176.0,0.381,12,14,0.857,27.0,86.0,113.0,41,46.0,9.0,33.0,94,325,Los Angeles Lakers,23.78,7.97
Tony,Bradley,1628396,2021-22,1610612741,CHI,24,46,7.0,506,64,109,0.587,0.0,0.0,0.0,14,21,0.667,59.0,111.0,170.0,23,10.0,32.0,29.0,55,142,Chicago Bulls,11.0,14.85
Mikal,Bridges,1628969,2021-22,1610612756,PHX,25,63,63.0,2194,338,632,0.535,87.0,238.0,0.366,87,104,0.837,63.0,210.0,273.0,141,76.0,26.0,48.0,121,850,Phoenix Suns,34.83,14.71
Miles,Bridges,1628970,2021-22,1610612766,CHA,23,62,62.0,2243,458,948,0.483,111.0,360.0,0.308,205,256,0.801,73.0,375.0,448.0,226,62.0,57.0,124.0,160,1232,Charlotte Hornets,36.18,18.88
Oshae,Brissett,1629052,2021-22,1610612754,IND,23,52,10.0,1111,136,338,0.402,53.0,156.0,0.34,73,112,0.652,83.0,179.0,262.0,46,31.0,24.0,39.0,77,398,Indiana Pacers,21.37,11.32
Malcolm,Brogdon,1627763,2021-22,1610612754,IND,29,32,32.0,1072,214,479,0.447,56.0,170.0,0.329,127,149,0.852,29.0,141.0,170.0,187,29.0,13.0,65.0,65,611,Indiana Pacers,33.5,17.52
Armoni,Brooks,1629717,2021-22,1610612745,HOU,23,41,8.0,690,87,251,0.347,64.0,213.0,0.3,16,19,0.842,12.0,69.0,81.0,49,21.0,8.0,23.0,60,254,Houston Rockets,16.83,9.15
Dillon,Brooks,1628415,2021-22,1610612763,MEM,26,21,20.0,587,145,340,0.426,33.0,101.0,0.327,64,72,0.889,17.0,52.0,69.0,57,27.0,4.0,37.0,69,387,Memphis Grizzlies,27.95,17.94
Bruce,Brown,1628971,2021-22,1610612751,BKN,25,55,28.0,1220,161,332,0.485,22.0,58.0,0.379,53,71,0.746,74.0,172.0,246.0,79,57.0,30.0,38.0,131,397,Brooklyn Nets,22.18,12.98
Jaylen,Brown,1627759,2021-22,1610612738,BOS,25,50,50.0,1682,425,918,0.463,126.0,362.0,0.348,186,243,0.765,38.0,272.0,310.0,165,51.0,16.0,141.0,125,1162,Boston Celtics,33.64,19.72
Sterling,Brown,1628425,2021-22,1610612742,DAL,27,39,3.0,527,52,129,0.403,27.0,79.0,0.342,10,11,0.909,22.0,106.0,128.0,30,12.0,5.0,21.0,45,141,Dallas Mavericks,13.51,8.92
Troy,Brown Jr.,1628972,2021-22,1610612741,CHI,22,53,6.0,928,92,223,0.413,39.0,112.0,0.348,19,25,0.76,36.0,141.0,177.0,55,31.0,4.0,22.0,56,242,Chicago Bulls,17.51,10.01
Jalen,Brunson,1628973,2021-22,1610612742,DAL,25,62,44.0,1991,398,791,0.503,73.0,190.0,0.384,126,155,0.813,33.0,198.0,231.0,329,57.0,3.0,108.0,123,995,Dallas Mavericks,32.11,16.76
Reggie,Bullock,203493,2021-22,1610612742,DAL,30,53,22.0,1388,152,374,0.406,105.0,290.0,0.362,34,40,0.85,22.0,158.0,180.0,58,31.0,10.0,29.0,77,443,Dallas Mavericks,26.19,9.45
Alec,Burks,202692,2021-22,1610612752,NYK,30,62,25.0,1678,202,531,0.38,107.0,275.0,0.389,166,203,0.818,36.0,249.0,285.0,166,65.0,19.0,62.0,150,677,New York Knicks,27.06,14.1
Jimmy,Butler,202710,2021-22,1610612748,MIA,32,44,44.0,1500,308,656,0.47,16.0,84.0,0.19,309,352,0.878,82.0,190.0,272.0,251,78.0,21.0,94.0,67,941,Miami Heat,34.09,24.25
Kentavious,Caldwell-Pope,203484,2021-22,1610612764,WAS,29,59,59.0,1756,255,607,0.42,121.0,306.0,0.395,86,95,0.905,30.0,168.0,198.0,108,62.0,21.0,71.0,102,717,Washington Wizards,29.76,12.0
Facundo,Campazzo,1630267,2021-22,1610612743,DEN,30,57,4.0,1141,105,282,0.372,57.0,182.0,0.313,60,76,0.789,20.0,93.0,113.0,208,59.0,23.0,64.0,117,327,Denver Nuggets,20.02,10.99
Clint,Capela,203991,2021-22,1610612737,ATL,27,55,54.0,1535,262,442,0.593,0.0,1.0,0.0,62,132,0.47,207.0,456.0,663.0,73,36.0,75.0,32.0,121,586,Atlanta Hawks,27.91,20.03
Jevon,Carter,1628975,2021-22,1610612751,BKN,26,46,1.0,552,58,174,0.333,42.0,127.0,0.331,7,10,0.7,9.0,58.0,67.0,46,14.0,10.0,26.0,45,165,Brooklyn Nets,12.3,6.97
Wendell,Carter Jr.,1628976,2021-22,1610612753,ORL,22,54,53.0,1601,296,573,0.517,61.0,189.0,0.323,120,171,0.702,119.0,443.0,562.0,147,33.0,37.0,101.0,144,773,Orlando Magic,29.65,18.8
Alex,Caruso,1627936,2021-22,1610612741,CHI,28,28,9.0,775,78,182,0.429,30.0,87.0,0.345,48,59,0.814,25.0,83.0,108.0,109,54.0,11.0,40.0,68,234,Chicago Bulls,27.68,13.63
Josh,Christopher,1630528,2021-22,1610612745,HOU,20,55,2.0,910,144,335,0.43,39.0,130.0,0.3,53,68,0.779,37.0,85.0,122.0,101,45.0,7.0,76.0,59,380,Houston Rockets,16.55,12.39
Brandon,Clarke,1629634,2021-22,1610612763,MEM,25,49,1.0,938,218,338,0.645,4.0,19.0,0.211,65,100,0.65,103.0,161.0,264.0,69,26.0,51.0,25.0,91,505,Memphis Grizzlies,19.14,26.06
Jordan,Clarkson,203903,2021-22,1610612762,UTA,29,59,1.0,1545,333,817,0.408,145.0,459.0,0.316,99,118,0.839,44.0,151.0,195.0,141,45.0,13.0,94.0,109,910,Utah Jazz,26.19,15.9
Nicolas,Claxton,1629651,2021-22,1610612751,BKN,22,29,18.0,583,108,166,0.651,0.0,0.0,0.0,32,57,0.561,59.0,94.0,153.0,22,14.0,33.0,21.0,59,248,Brooklyn Nets,20.1,18.63
Amir,Coffey,1629599,2021-22,1610612746,LAC,24,52,20.0,1158,149,323,0.461,71.0,185.0,0.384,75,86,0.872,23.0,129.0,152.0,89,28.0,11.0,33.0,67,444,Los Angeles Clippers,22.27,13.77
John,Collins,1628381,2021-22,1610612737,ATL,24,51,50.0,1588,329,614,0.536,62.0,163.0,0.38,128,162,0.79,90.0,313.0,403.0,95,33.0,55.0,56.0,154,848,Atlanta Hawks,31.14,19.43
Mike,Conley,201144,2021-22,1610612762,UTA,34,56,56.0,1586,264,611,0.432,131.0,325.0,0.403,105,127,0.827,35.0,138.0,173.0,294,73.0,18.0,97.0,105,764,Utah Jazz,28.32,18.07
Pat,Connaughton,1626192,2021-22,1610612749,MIL,29,54,18.0,1457,194,415,0.467,125.0,307.0,0.407,30,37,0.811,37.0,199.0,236.0,66,51.0,14.0,31.0,73,543,Milwaukee Bucks,26.98,13.5
Robert,Covington,203496,2021-22,1610612757,POR,31,48,40.0,1431,128,336,0.381,79.0,230.0,0.343,30,36,0.833,41.0,233.0,274.0,68,74.0,63.0,58.0,132,365,Portland Trail Blazers,28.17,9.29
Torrey,Craig,1628470,2021-22,1610612754,IND,31,51,14.0,1034,128,281,0.456,46.0,138.0,0.333,27,35,0.771,59.0,136.0,195.0,58,24.0,19.0,39.0,95,329,Indiana Pacers,20.15,10.29
Jae,Crowder,203109,2021-22,1610612756,PHX,31,53,53.0,1499,169,415,0.407,96.0,275.0,0.349,65,81,0.802,23.0,257.0,280.0,87,75.0,22.0,43.0,131,499,Phoenix Suns,28.28,11.55
Cade,Cunningham,1630595,2021-22,1610612765,DET,20,50,50.0,1593,311,777,0.4,97.0,301.0,0.322,96,114,0.842,49.0,240.0,289.0,255,61.0,32.0,173.0,153,815,Detroit Pistons,31.86,13.06
Seth,Curry,203552,2021-22,1610612755,PHI,31,45,45.0,1566,256,528,0.485,100.0,250.0,0.4,64,73,0.877,17.0,134.0,151.0,181,36.0,11.0,84.0,101,676,Philadelphia 76ers,34.38,13.41
Stephen,Curry,201939,2021-22,1610612744,GSW,33,58,58.0,2020,486,1133,0.429,265.0,701.0,0.378,256,279,0.918,33.0,272.0,305.0,379,78.0,22.0,186.0,121,1493,Golden State Warriors,34.83,23.41
Anthony,Davis,203076,2021-22,1610612747,LAL,28,37,37.0,1297,341,635,0.537,12.0,66.0,0.182,161,227,0.709,104.0,256.0,360.0,107,45.0,86.0,76.0,93,855,Los Angeles Lakers,35.05,24.22
Terence,Davis,1629056,2021-22,1610612758,SAC,24,30,11.0,536,113,267,0.423,49.0,149.0,0.329,36,44,0.818,11.0,83.0,94.0,40,25.0,11.0,33.0,70,311,Sacramento Kings,17.87,15.27
DeMar,DeRozan,201942,2021-22,1610612741,CHI,32,60,60.0,2151,619,1210,0.512,40.0,110.0,0.364,406,469,0.866,49.0,268.0,317.0,305,56.0,20.0,141.0,133,1684,Chicago Bulls,35.85,25.34
Dewayne,Dedmon,203473,2021-22,1610612748,MIA,32,54,15.0,874,139,240,0.579,16.0,32.0,0.5,60,76,0.789,95.0,229.0,324.0,42,21.0,31.0,58.0,133,354,Miami Heat,16.19,17.51
Hamidou,Diallo,1628977,2021-22,1610612765,DET,23,57,29.0,1255,256,518,0.494,23.0,93.0,0.247,91,140,0.65,68.0,205.0,273.0,72,69.0,17.0,58.0,142,626,Detroit Pistons,22.02,16.05
Spencer,Dinwiddie,203915,2021-22,1610612764,WAS,28,44,44.0,1330,185,492,0.376,70.0,226.0,0.31,116,143,0.811,36.0,171.0,207.0,256,27.0,7.0,73.0,107,556,Washington Wizards,29.88,13.33
Luka,Doncic,1629029,2021-22,1610612742,DAL,23,48,48.0,1709,470,1045,0.45,132.0,397.0,0.332,263,356,0.739,44.0,396.0,440.0,422,56.0,25.0,219.0,115,1335,Dallas Mavericks,35.6,23.35
Luguentz,Dort,1629652,2021-22,1610612760,OKC,22,51,51.0,1665,293,726,0.404,130.0,391.0,0.332,161,191,0.843,38.0,174.0,212.0,88,46.0,18.0,88.0,149,877,Oklahoma City Thunder,32.65,13.77
Ayo,Dosunmu,1630245,2021-22,1610612741,CHI,22,59,25.0,1562,198,375,0.528,55.0,136.0,0.404,42,62,0.677,19.0,149.0,168.0,188,44.0,25.0,78.0,136,493,Chicago Bulls,26.47,11.92
Andre,Drummond,203083,2021-22,1610612755,PHI,28,49,12.0,902,128,238,0.538,0.0,2.0,0.0,42,82,0.512,136.0,297.0,433.0,97,56.0,45.0,79.0,121,298,Philadelphia 76ers,18.79,18.15
Chris,Duarte,1630537,2021-22,1610612754,IND,24,52,38.0,1474,257,592,0.434,89.0,244.0,0.365,86,108,0.796,38.0,175.0,213.0,112,55.0,10.0,89.0,88,689,Indiana Pacers,28.35,12.21
Kevin,Durant,201142,2021-22,1610612751,BKN,33,37,37.0,1348,389,750,0.519,69.0,187.0,0.369,237,264,0.898,20.0,251.0,271.0,211,28.0,35.0,110.0,72,1084,Brooklyn Nets,36.43,25.87
Anthony,Edwards,1630162,2021-22,1610612750,MIN,20,56,56.0,1935,428,990,0.432,165.0,476.0,0.347,175,228,0.768,51.0,213.0,264.0,205,84.0,40.0,155.0,130,1196,Minnesota Timberwolves,34.55,17.71
Kessler,Edwards,1630556,2021-22,1610612751,BKN,21,32,20.0,748,78,196,0.398,35.0,101.0,0.347,10,12,0.833,32.0,98.0,130.0,22,23.0,17.0,34.0,62,201,Brooklyn Nets,23.38,7.74
CJ,Elleby,1629604,2021-22,1610612757,POR,21,38,10.0,613,63,163,0.387,18.0,71.0,0.254,30,38,0.789,34.0,82.0,116.0,42,22.0,10.0,25.0,67,174,Portland Trail Blazers,16.13,8.88
Wayne,Ellington,201961,2021-22,1610612747,LAL,34,37,9.0,690,81,199,0.407,70.0,179.0,0.391,4,5,0.8,9.0,54.0,63.0,24,20.0,3.0,15.0,36,236,Los Angeles Lakers,18.65,9.63
Joel,Embiid,203954,2021-22,1610612755,PHI,27,50,50.0,1653,470,952,0.494,67.0,185.0,0.362,474,580,0.817,94.0,460.0,554.0,222,52.0,72.0,147.0,133,1481,Philadelphia 76ers,33.06,29.9
Drew,Eubanks,1629234,2021-22,1610612759,SAS,25,49,9.0,595,84,159,0.528,1.0,8.0,0.125,59,79,0.747,64.0,132.0,196.0,50,13.0,30.0,46.0,61,228,San Antonio Spurs,12.73,16.34
Derrick,Favors,202324,2021-22,1610612760,OKC,30,39,18.0,652,94,182,0.516,2.0,16.0,0.125,16,25,0.64,58.0,126.0,184.0,25,17.0,12.0,9.0,62,206,Oklahoma City Thunder,16.72,14.57
Dorian,Finney-Smith,1627827,2021-22,1610612742,DAL,28,62,62.0,2045,237,522,0.454,121.0,317.0,0.382,48,71,0.676,99.0,204.0,303.0,117,71.0,31.0,66.0,144,643,Dallas Mavericks,32.98,11.35
Bryn,Forbes,1627854,2021-22,1610612759,SAS,28,40,1.0,676,128,296,0.432,63.0,151.0,0.417,44,49,0.898,4.0,59.0,63.0,41,17.0,3.0,33.0,42,363,San Antonio Spurs,18.1,13.8
Trent,Forrest,1630235,2021-22,1610612762,UTA,23,50,4.0,613,61,115,0.53,4.0,18.0,0.222,31,38,0.816,18.0,65.0,83.0,80,26.0,3.0,43.0,38,157,Utah Jazz,12.26,11.34
Evan,Fournier,203095,2021-22,1610612752,NYK,29,61,61.0,1816,318,754,0.422,183.0,464.0,0.394,63,91,0.692,32.0,142.0,174.0,112,58.0,17.0,82.0,131,882,New York Knicks,29.77,13.88
De'Aaron,Fox,1628368,2021-22,1610612758,SAC,24,53,53.0,1845,440,940,0.468,55.0,205.0,0.268,236,316,0.747,22.0,183.0,205.0,283,60.0,24.0,145.0,152,1171,Sacramento Kings,34.81,17.59
Daniel,Gafford,1629655,2021-22,1610612764,WAS,23,53,50.0,1092,205,300,0.683,0.0,0.0,0.0,69,96,0.719,122.0,191.0,313.0,55,21.0,81.0,50.0,130,479,Washington Wizards,20.6,20.92
Danilo,Gallinari,201568,2021-22,1610612737,ATL,33,52,9.0,1258,178,428,0.416,82.0,214.0,0.383,121,134,0.903,29.0,207.0,236.0,69,24.0,11.0,30.0,77,559,Atlanta Hawks,24.19,13.72
Darius,Garland,1629636,2021-22,1610612739,CLE,22,49,49.0,1702,388,810,0.479,130.0,338.0,0.385,106,118,0.898,24.0,139.0,163.0,397,59.0,6.0,188.0,86,1012,Cleveland Cavaliers,34.73,18.74
Rudy,Gay,200752,2021-22,1610612762,UTA,35,38,1.0,735,109,273,0.399,50.0,152.0,0.329,51,65,0.785,39.0,132.0,171.0,42,21.0,12.0,33.0,66,319,Utah Jazz,19.34,13.92
Paul,George,202331,2021-22,1610612746,LAC,31,26,26.0,924,234,556,0.421,70.0,217.0,0.323,103,117,0.88,11.0,174.0,185.0,142,53.0,10.0,109.0,65,641,Los Angeles Clippers,35.54,19.39
Taj,Gibson,201959,2021-22,1610612752,NYK,36,40,4.0,726,62,118,0.525,8.0,22.0,0.364,26,34,0.765,66.0,112.0,178.0,26,17.0,32.0,23.0,108,158,New York Knicks,18.15,11.48
Josh,Giddey,1630581,2021-22,1610612760,OKC,19,54,54.0,1700,281,670,0.419,56.0,213.0,0.263,56,79,0.709,98.0,323.0,421.0,345,51.0,20.0,171.0,88,674,Oklahoma City Thunder,31.48,14.61
Shai,Gilgeous-Alexander,1628983,2021-22,1610612760,OKC,23,48,48.0,1659,396,894,0.443,76.0,262.0,0.29,275,342,0.804,34.0,198.0,232.0,268,57.0,38.0,133.0,116,1143,Oklahoma City Thunder,34.56,21.58
Rudy,Gobert,203497,2021-22,1610612762,UTA,29,48,48.0,1540,273,383,0.713,0.0,2.0,0.0,210,308,0.682,174.0,536.0,710.0,56,35.0,107.0,86.0,126,756,Utah Jazz,32.08,25.59
Aaron,Gordon,203932,2021-22,1610612743,DEN,26,58,58.0,1827,327,632,0.517,67.0,203.0,0.33,118,161,0.733,93.0,237.0,330.0,146,40.0,29.0,101.0,110,839,Denver Nuggets,31.5,15.23
Eric,Gordon,201569,2021-22,1610612745,HOU,33,51,40.0,1510,251,527,0.476,115.0,277.0,0.415,95,124,0.766,15.0,85.0,100.0,145,25.0,18.0,99.0,58,712,Houston Rockets,29.61,13.47
Devonte',Graham,1628984,2021-22,1610612740,NOP,27,59,54.0,1775,244,678,0.36,160.0,467.0,0.343,97,115,0.843,30.0,118.0,148.0,255,54.0,10.0,87.0,80,745,New Orleans Pelicans,30.08,11.66
Jerami,Grant,203924,2021-22,1610612765,DET,27,39,39.0,1255,244,585,0.417,69.0,205.0,0.337,183,217,0.843,26.0,134.0,160.0,100,37.0,42.0,74.0,90,740,Detroit Pistons,32.18,15.95
Danny,Green,201980,2021-22,1610612755,PHI,34,44,25.0,993,94,235,0.4,74.0,197.0,0.376,9,10,0.9,20.0,83.0,103.0,44,42.0,29.0,37.0,75,271,Philadelphia 76ers,22.57,8.91
Draymond,Green,203110,2021-22,1610612744,GSW,32,34,34.0,1018,108,201,0.537,12.0,42.0,0.286,40,67,0.597,38.0,219.0,257.0,250,47.0,41.0,106.0,94,268,Golden State Warriors,29.94,15.26
JaMychal,Green,203210,2021-22,1610612743,DEN,31,50,7.0,779,122,261,0.467,30.0,109.0,0.275,64,73,0.877,56.0,147.0,203.0,43,36.0,22.0,45.0,115,338,Denver Nuggets,15.58,14.77
Jalen,Green,1630224,2021-22,1610612745,HOU,20,48,48.0,1488,249,625,0.398,96.0,307.0,0.313,131,163,0.804,22.0,131.0,153.0,117,35.0,11.0,102.0,72,725,Houston Rockets,31.0,11.43
Javonte,Green,1629750,2021-22,1610612741,CHI,28,47,35.0,1139,134,244,0.549,26.0,73.0,0.356,64,77,0.831,70.0,128.0,198.0,48,42.0,26.0,25.0,101,358,Chicago Bulls,24.23,14.03
Jeff,Green,201145,2021-22,1610612743,DEN,35,59,47.0,1439,217,429,0.506,44.0,141.0,0.312,131,156,0.84,32.0,151.0,183.0,74,19.0,23.0,58.0,123,609,Denver Nuggets,24.39,12.42
Josh,Green,1630182,2021-22,1610612742,DAL,21,48,2.0,685,85,166,0.512,13.0,40.0,0.325,25,35,0.714,34.0,71.0,105.0,61,30.0,9.0,23.0,81,208,Dallas Mavericks,14.27,12.06
Blake,Griffin,201933,2021-22,1610612751,BKN,32,51,24.0,908,126,300,0.42,33.0,136.0,0.243,52,72,0.722,58.0,157.0,215.0,98,26.0,13.0,27.0,88,337,Brooklyn Nets,17.8,13.52
Quentin,Grimes,1629656,2021-22,1610612752,NYK,21,40,6.0,697,88,209,0.421,66.0,166.0,0.398,11,17,0.647,22.0,55.0,77.0,38,26.0,10.0,25.0,60,253,New York Knicks,17.42,12.2
Tyrese,Haliburton,1630169,2021-22,1610612758,SAC,22,51,51.0,1757,268,586,0.457,104.0,252.0,0.413,87,104,0.837,39.0,160.0,199.0,379,86.0,34.0,115.0,71,727,Sacramento Kings,34.98,16.77
R.J.,Hampton,1630181,2021-22,1610612753,ORL,21,46,1.0,898,121,311,0.389,45.0,120.0,0.375,53,86,0.616,14.0,118.0,132.0,108,30.0,11.0,61.0,66,340,Orlando Magic,19.52,10.46
Tim,Hardaway Jr.,203501,2021-22,1610612742,DAL,29,42,20.0,1245,209,530,0.394,102.0,304.0,0.336,78,103,0.757,13.0,143.0,156.0,92,38.0,6.0,34.0,74,598,Dallas Mavericks,29.64,12.76
James,Harden,201935,2021-22,1610612751,BKN,32,44,44.0,1627,292,706,0.414,102.0,307.0,0.332,304,350,0.869,42.0,309.0,351.0,447,56.0,31.0,212.0,105,990,Brooklyn Nets,36.94,20.03
Maurice,Harkless,203090,2021-22,1610612758,SAC,28,43,24.0,842,83,181,0.459,31.0,101.0,0.307,20,28,0.714,12.0,96.0,108.0,22,27.0,24.0,29.0,72,217,Sacramento Kings,19.58,8.04
Montrezl,Harrell,1626149,2021-22,1610612764,WAS,28,46,3.0,1117,247,383,0.645,4.0,15.0,0.267,149,205,0.727,96.0,213.0,309.0,96,18.0,31.0,50.0,88,647,Washington Wizards,24.7,23.82
Gary,Harris,203914,2021-22,1610612753,ORL,27,56,30.0,1614,224,515,0.435,106.0,278.0,0.381,77,89,0.865,33.0,79.0,112.0,105,51.0,8.0,56.0,102,631,Orlando Magic,28.82,11.77
Tobias,Harris,202699,2021-22,1610612755,PHI,29,53,53.0,1864,374,781,0.479,63.0,184.0,0.342,150,175,0.857,57.0,321.0,378.0,187,32.0,35.0,91.0,113,961,Philadelphia 76ers,35.17,16.48
Josh,Hart,1628404,2021-22,1610612740,NOP,26,41,40.0,1374,195,386,0.505,42.0,130.0,0.323,116,154,0.753,53.0,265.0,318.0,168,45.0,11.0,81.0,118,548,New Orleans Pelicans,33.3,14.54
Isaiah,Hartenstein,1628392,2021-22,1610612746,LAC,23,51,0.0,842,165,263,0.627,4.0,11.0,0.364,55,88,0.625,82.0,149.0,231.0,99,38.0,59.0,62.0,127,389,Los Angeles Clippers,16.51,22.13
Jaxson,Hayes,1629637,2021-22,1610612740,NOP,21,51,9.0,898,169,259,0.653,8.0,27.0,0.296,99,129,0.767,77.0,135.0,212.0,29,20.0,39.0,39.0,118,445,New Orleans Pelicans,17.61,19.01
Killian,Hayes,1630165,2021-22,1610612765,DET,20,52,33.0,1263,115,325,0.354,32.0,124.0,0.258,44,56,0.786,29.0,128.0,157.0,215,55.0,27.0,88.0,140,306,Detroit Pistons,24.29,8.07
Gordon,Hayward,202330,2021-22,1610612766,CHA,31,48,48.0,1547,281,611,0.46,85.0,218.0,0.39,126,149,0.846,38.0,183.0,221.0,173,46.0,22.0,80.0,85,773,Charlotte Hornets,32.23,16.77
Willy,Hernangomez,1626195,2021-22,1610612740,NOP,27,34,6.0,539,112,210,0.533,3.0,8.0,0.375,66,89,0.742,89.0,136.0,225.0,40,13.0,12.0,31.0,62,293,New Orleans Pelicans,15.85,21.7
Tyler,Herro,1629639,2021-22,1610612748,MIA,22,51,10.0,1669,386,886,0.436,132.0,346.0,0.382,145,168,0.863,28.0,219.0,247.0,204,34.0,8.0,139.0,78,1049,Miami Heat,32.73,17.2
Buddy,Hield,1627741,2021-22,1610612758,SAC,29,55,6.0,1574,265,693,0.382,182.0,495.0,0.368,80,92,0.87,43.0,178.0,221.0,105,48.0,15.0,90.0,113,792,Sacramento Kings,30.11,12.46
George,Hill,201588,2021-22,1610612749,MIL,35,41,16.0,1044,102,234,0.436,37.0,117.0,0.316,48,50,0.96,35.0,97.0,132.0,101,33.0,6.0,35.0,57,289,Milwaukee Bucks,25.46,10.77
Aaron,Holiday,1628988,2021-22,1610612764,WAS,25,41,14.0,663,100,214,0.467,23.0,67.0,0.343,28,35,0.8,9.0,58.0,67.0,78,24.0,9.0,39.0,60,251,Washington Wizards,16.5,11.85
Jrue,Holiday,201950,2021-22,1610612749,MIL,31,51,48.0,1693,370,728,0.508,99.0,238.0,0.416,103,136,0.757,57.0,184.0,241.0,340,73.0,25.0,138.0,101,942,Milwaukee Bucks,33.2,20.45
Justin,Holiday,203200,2021-22,1610612754,IND,32,49,40.0,1416,190,458,0.415,127.0,336.0,0.378,34,41,0.829,18.0,117.0,135.0,90,36.0,18.0,49.0,105,541,Indiana Pacers,28.88,10.01
Richaun,Holmes,1626158,2021-22,1610612758,SAC,28,41,37.0,1012,190,284,0.669,2.0,5.0,0.4,67,87,0.77,87.0,215.0,302.0,46,17.0,39.0,55.0,120,449,Sacramento Kings,24.68,18.15
Rodney,Hood,203918,2021-22,1610612749,MIL,29,39,0.0,581,46,131,0.351,24.0,80.0,0.3,13,14,0.929,13.0,54.0,67.0,30,12.0,4.0,7.0,27,129,Milwaukee Bucks,14.02,6.94
Al,Horford,201143,2021-22,1610612738,BOS,35,55,55.0,1584,213,473,0.45,69.0,220.0,0.314,67,80,0.838,90.0,331.0,421.0,186,31.0,77.0,57.0,104,562,Boston Celtics,28.8,16.46
Talen,Horton-Tucker,1629659,2021-22,1610612747,LAL,21,45,15.0,1173,161,388,0.415,38.0,137.0,0.277,68,85,0.8,28.0,120.0,148.0,120,41.0,24.0,66.0,112,428,Los Angeles Lakers,26.07,10.45
Dwight,Howard,2730,2021-22,1610612747,LAL,36,46,14.0,674,87,145,0.6,6.0,9.0,0.667,60,96,0.625,91.0,167.0,258.0,25,29.0,29.0,38.0,90,240,Los Angeles Lakers,14.65,17.03
Kevin,Huerter,1628989,2021-22,1610612737,ATL,23,56,42.0,1630,254,555,0.458,107.0,285.0,0.375,31,39,0.795,24.0,154.0,178.0,153,37.0,21.0,68.0,135,646,Atlanta Hawks,29.11,11.91
De'Andre,Hunter,1629631,2021-22,1610612737,ATL,24,35,34.0,1032,164,372,0.441,49.0,128.0,0.383,78,105,0.743,19.0,96.0,115.0,44,24.0,11.0,45.0,105,455,Atlanta Hawks,29.49,10.87
Nah'Shon,Hyland,1630538,2021-22,1610612743,DEN,21,51,3.0,905,149,400,0.373,89.0,250.0,0.356,62,70,0.886,8.0,127.0,135.0,108,27.0,13.0,62.0,107,449,Denver Nuggets,17.75,11.85
Serge,Ibaka,201586,2021-22,1610612746,LAC,32,35,10.0,538,94,192,0.49,24.0,62.0,0.387,20,29,0.69,40.0,110.0,150.0,36,7.0,26.0,33.0,56,232,Los Angeles Clippers,16.17,15.94
Andre,Iguodala,2738,2021-22,1610612744,GSW,38,26,0.0,518,40,102,0.392,14.0,61.0,0.23,13,16,0.813,19.0,67.0,86.0,99,22.0,21.0,23.0,25,107,Golden State Warriors,19.92,13.07
Joe,Ingles,204060,2021-22,1610612762,UTA,34,45,15.0,1122,115,285,0.404,78.0,225.0,0.347,17,22,0.773,12.0,119.0,131.0,158,23.0,5.0,46.0,82,325,Utah Jazz,24.93,10.5
Brandon,Ingram,1627742,2021-22,1610612740,NOP,24,49,49.0,1672,409,887,0.461,69.0,208.0,0.332,215,264,0.814,33.0,246.0,279.0,268,32.0,22.0,131.0,104,1102,New Orleans Pelicans,34.12,18.61
Kyrie,Irving,202681,2021-22,1610612751,BKN,29,15,15.0,546,141,307,0.459,37.0,101.0,0.366,57,62,0.919,8.0,64.0,72.0,80,17.0,9.0,36.0,37,376,Brooklyn Nets,36.4,20.16
Frank,Jackson,1628402,2021-22,1610612765,DET,23,44,5.0,983,166,406,0.409,77.0,241.0,0.32,62,78,0.795,14.0,55.0,69.0,42,23.0,9.0,35.0,77,471,Detroit Pistons,22.34,11.12
Josh,Jackson,1628367,2021-22,1610612765,DET,25,39,3.0,707,103,251,0.41,30.0,113.0,0.265,40,56,0.714,17.0,106.0,123.0,49,21.0,18.0,38.0,71,276,Detroit Pistons,17.05,10.38
Reggie,Jackson,202704,2021-22,1610612746,LAC,31,61,61.0,1891,393,988,0.398,140.0,421.0,0.333,114,136,0.838,33.0,189.0,222.0,286,45.0,10.0,139.0,124,1040,Los Angeles Clippers,31.0,14.36
Jaren,Jackson Jr.,1628991,2021-22,1610612763,MEM,22,63,63.0,1755,357,857,0.417,105.0,334.0,0.314,222,278,0.799,103.0,278.0,381.0,67,62.0,138.0,107.0,218,1041,Memphis Grizzlies,27.86,18.71
LeBron,James,2544,2021-22,1610612747,LAL,37,45,45.0,1655,490,945,0.519,122.0,351.0,0.348,195,258,0.756,48.0,313.0,361.0,281,69.0,44.0,152.0,99,1297,Los Angeles Lakers,36.78,25.96
Ty,Jerome,1629660,2021-22,1610612760,OKC,24,48,4.0,801,124,328,0.378,54.0,186.0,0.29,38,47,0.809,19.0,59.0,78.0,109,30.0,5.0,37.0,73,340,Oklahoma City Thunder,16.69,12.58
Isaiah,Joe,1630198,2021-22,1610612755,PHI,22,43,1.0,508,53,147,0.361,38.0,113.0,0.336,20,21,0.952,5.0,42.0,47.0,30,11.0,2.0,15.0,39,164,Philadelphia 76ers,11.81,7.89
Cameron,Johnson,1629661,2021-22,1610612756,PHX,26,60,13.0,1579,261,549,0.475,159.0,355.0,0.448,89,102,0.873,36.0,210.0,246.0,89,50.0,14.0,36.0,102,770,Phoenix Suns,26.32,16.59
James,Johnson,201949,2021-22,1610612751,BKN,35,48,10.0,954,125,266,0.47,20.0,74.0,0.27,25,49,0.51,44.0,125.0,169.0,100,23.0,22.0,40.0,125,295,Brooklyn Nets,19.88,10.6
Keldon,Johnson,1629640,2021-22,1610612759,SAS,22,58,57.0,1812,336,728,0.462,111.0,266.0,0.417,124,166,0.747,62.0,282.0,344.0,104,45.0,8.0,73.0,109,907,San Antonio Spurs,31.24,15.13
Stanley,Johnson,1626169,2021-22,1610612747,LAL,25,28,15.0,596,67,138,0.486,19.0,58.0,0.328,25,35,0.714,16.0,67.0,83.0,39,19.0,11.0,16.0,74,178,Los Angeles Lakers,21.29,10.27
Nikola,Jokic,203999,2021-22,1610612743,DEN,27,56,56.0,1846,544,959,0.567,86.0,240.0,0.358,251,311,0.807,156.0,618.0,774.0,445,77.0,39.0,209.0,142,1425,Denver Nuggets,32.96,30.94
Damian,Jones,1627745,2021-22,1610612758,SAC,26,42,5.0,635,103,160,0.644,5.0,16.0,0.313,52,72,0.722,54.0,107.0,161.0,45,12.0,30.0,40.0,88,263,Sacramento Kings,15.12,16.79
Herbert,Jones,1630529,2021-22,1610612740,NOP,23,60,51.0,1799,212,437,0.485,40.0,116.0,0.345,101,117,0.863,80.0,157.0,237.0,126,92.0,53.0,75.0,185,565,New Orleans Pelicans,29.98,11.93
Tre,Jones,1630200,2021-22,1610612759,SAS,22,50,5.0,705,105,204,0.515,3.0,22.0,0.136,44,53,0.83,18.0,74.0,92.0,132,24.0,0.0,30.0,51,257,San Antonio Spurs,14.1,15.16
Tyus,Jones,1626145,2021-22,1610612763,MEM,25,57,14.0,1160,183,402,0.455,52.0,148.0,0.351,41,47,0.872,13.0,123.0,136.0,234,51.0,2.0,38.0,25,459,Memphis Grizzlies,20.35,17.48
Derrick,Jones Jr.,1627884,2021-22,1610612741,CHI,25,39,8.0,684,84,153,0.549,16.0,44.0,0.364,45,57,0.789,47.0,87.0,134.0,21,16.0,26.0,20.0,91,229,Chicago Bulls,17.54,13.62
Cory,Joseph,202709,2021-22,1610612765,DET,30,53,27.0,1302,146,325,0.449,52.0,125.0,0.416,80,92,0.87,22.0,111.0,133.0,200,35.0,15.0,72.0,119,424,Detroit Pistons,24.57,11.3
Luke,Kennard,1628379,2021-22,1610612746,LAC,25,54,10.0,1490,216,485,0.445,147.0,328.0,0.448,48,55,0.873,12.0,175.0,187.0,118,34.0,5.0,48.0,83,627,Los Angeles Clippers,27.59,13.76
Corey,Kispert,1630557,2021-22,1610612764,WAS,23,57,16.0,1179,145,339,0.428,64.0,201.0,0.318,40,46,0.87,43.0,109.0,152.0,60,22.0,17.0,35.0,64,394,Washington Wizards,20.68,10.52
Maxi,Kleber,1628467,2021-22,1610612742,DAL,30,45,20.0,1132,118,277,0.426,72.0,200.0,0.36,37,51,0.725,56.0,211.0,267.0,52,25.0,49.0,32.0,101,345,Dallas Mavericks,25.16,11.78
John,Konchar,1629723,2021-22,1610612763,MEM,25,55,6.0,1006,95,193,0.492,41.0,98.0,0.418,23,39,0.59,63.0,178.0,241.0,74,37.0,18.0,22.0,72,254,Memphis Grizzlies,18.29,13.51
Furkan,Korkmaz,1627788,2021-22,1610612755,PHI,24,55,18.0,1265,164,419,0.391,69.0,234.0,0.295,62,76,0.816,17.0,139.0,156.0,119,31.0,7.0,45.0,52,459,Philadelphia 76ers,23.0,10.47
Jonathan,Kuminga,1630228,2021-22,1610612744,GSW,19,51,7.0,765,151,300,0.503,33.0,101.0,0.327,86,126,0.683,30.0,119.0,149.0,37,21.0,15.0,53.0,99,421,Golden State Warriors,15.0,16.14
Kyle,Kuzma,1628398,2021-22,1610612764,WAS,26,59,59.0,1979,378,829,0.456,114.0,332.0,0.343,140,193,0.725,64.0,454.0,518.0,196,39.0,53.0,148.0,113,1010,Washington Wizards,33.54,15.93
Zach,LaVine,203897,2021-22,1610612741,CHI,26,52,52.0,1804,456,945,0.483,149.0,374.0,0.398,217,251,0.865,14.0,238.0,252.0,236,31.0,19.0,141.0,95,1278,Chicago Bulls,34.69,21.25
Jeremy,Lamb,203087,2021-22,1610612754,IND,29,39,0.0,613,85,228,0.373,39.0,117.0,0.333,67,80,0.838,15.0,79.0,94.0,51,23.0,14.0,24.0,44,276,Indiana Pacers,16.62,12.59
Romeo,Langford,1629641,2021-22,1610612738,BOS,22,44,5.0,728,79,184,0.429,29.0,83.0,0.349,20,34,0.588,30.0,74.0,104.0,19,21.0,16.0,16.0,46,207,Boston Celtics,16.55,9.89
Caris,LeVert,1627747,2021-22,1610612754,IND,27,39,39.0,1214,278,622,0.447,61.0,189.0,0.323,111,146,0.76,30.0,120.0,150.0,173,35.0,18.0,75.0,91,728,Indiana Pacers,31.12,16.16
Damion,Lee,1627814,2021-22,1610612744,GSW,29,50,3.0,1016,146,318,0.459,59.0,159.0,0.371,43,50,0.86,21.0,137.0,158.0,49,35.0,5.0,32.0,74,394,Golden State Warriors,20.32,12.81
Alex,Len,203458,2021-22,1610612758,SAC,28,34,9.0,562,83,157,0.529,6.0,19.0,0.316,37,58,0.638,48.0,105.0,153.0,41,12.0,25.0,41.0,90,209,Sacramento Kings,16.53,13.17
Damian,Lillard,203081,2021-22,1610612757,POR,31,29,29.0,1056,222,552,0.402,92.0,284.0,0.324,159,181,0.878,13.0,107.0,120.0,212,17.0,11.0,83.0,37,695,Portland Trail Blazers,36.41,17.92
Nassir,Little,1629642,2021-22,1610612757,POR,22,42,23.0,1088,145,315,0.46,51.0,154.0,0.331,69,94,0.734,58.0,178.0,236.0,54,25.0,36.0,40.0,82,410,Portland Trail Blazers,25.9,12.82
Kevon,Looney,1626172,2021-22,1610612744,GSW,26,63,63.0,1357,168,298,0.564,0.0,1.0,0.0,65,106,0.613,169.0,309.0,478.0,117,40.0,45.0,58.0,170,401,Golden State Warriors,21.54,16.45
Kevin,Love,201567,2021-22,1610612739,CLE,33,55,2.0,1217,241,576,0.418,136.0,350.0,0.389,149,175,0.851,62.0,331.0,393.0,122,19.0,13.0,69.0,64,767,Cleveland Cavaliers,22.13,20.11
Kyle,Lowry,200768,2021-22,1610612748,MIA,35,48,48.0,1647,211,497,0.425,104.0,292.0,0.356,116,136,0.853,27.0,195.0,222.0,378,57.0,15.0,140.0,132,642,Miami Heat,34.31,14.93
Trey,Lyles,1626168,2021-22,1610612765,DET,26,51,3.0,990,175,384,0.456,44.0,146.0,0.301,138,176,0.784,60.0,184.0,244.0,58,22.0,26.0,54.0,91,532,Detroit Pistons,18.81,16.69
Theo,Maledon,1630177,2021-22,1610612760,OKC,20,36,0.0,527,55,169,0.325,22.0,85.0,0.259,43,51,0.843,10.0,51.0,61.0,51,18.0,5.0,31.0,38,175,Oklahoma City Thunder,14.64,8.38
Terance,Mann,1629611,2021-22,1610612746,LAC,25,64,28.0,1855,265,545,0.486,62.0,168.0,0.369,87,115,0.757,83.0,258.0,341.0,157,49.0,10.0,65.0,144,679,Los Angeles Clippers,28.98,13.74
Tre,Mann,1630544,2021-22,1610612760,OKC,21,50,17.0,1061,172,441,0.39,70.0,196.0,0.357,48,64,0.75,16.0,108.0,124.0,64,41.0,9.0,50.0,85,462,Oklahoma City Thunder,21.22,11.07
Lauri,Markkanen,1628374,2021-22,1610612739,CLE,24,43,43.0,1293,208,489,0.425,88.0,254.0,0.346,85,99,0.859,46.0,184.0,230.0,62,32.0,23.0,39.0,78,589,Cleveland Cavaliers,30.07,13.92
Caleb,Martin,1628997,2021-22,1610612748,MIA,26,49,10.0,1136,179,346,0.517,50.0,129.0,0.388,60,80,0.75,64.0,135.0,199.0,54,49.0,23.0,40.0,82,468,Miami Heat,23.18,16.31
Cody,Martin,1628998,2021-22,1610612766,CHA,26,53,11.0,1430,156,337,0.463,52.0,126.0,0.413,59,87,0.678,62.0,154.0,216.0,133,70.0,25.0,50.0,93,423,Charlotte Hornets,26.98,13.07
KJ,Martin,1630231,2021-22,1610612745,HOU,21,60,0.0,1212,211,399,0.529,43.0,120.0,0.358,60,94,0.638,67.0,165.0,232.0,81,25.0,27.0,43.0,74,525,Houston Rockets,20.2,15.9
Garrison,Mathews,1629726,2021-22,1610612745,HOU,25,46,20.0,1269,149,364,0.409,110.0,300.0,0.367,116,143,0.811,25.0,125.0,150.0,45,34.0,14.0,31.0,132,524,Houston Rockets,27.59,11.88
Tyrese,Maxey,1630178,2021-22,1610612755,PHI,21,55,54.0,1958,358,742,0.482,85.0,202.0,0.421,168,193,0.87,20.0,177.0,197.0,249,41.0,27.0,64.0,116,969,Philadelphia 76ers,35.6,16.36
CJ,McCollum,203468,2021-22,1610612757,POR,30,36,36.0,1267,290,665,0.436,111.0,289.0,0.384,48,68,0.706,34.0,119.0,153.0,163,36.0,21.0,70.0,77,739,Portland Trail Blazers,35.16,15.97
T.J.,McConnell,204456,2021-22,1610612754,IND,29,24,6.0,581,91,181,0.503,7.0,25.0,0.28,12,15,0.8,19.0,61.0,80.0,115,25.0,9.0,28.0,43,201,Indiana Pacers,24.21,14.26
Jaden,McDaniels,1630183,2021-22,1610612750,MIN,21,61,26.0,1573,219,486,0.451,69.0,223.0,0.309,49,62,0.79,69.0,185.0,254.0,72,49.0,42.0,66.0,203,556,Minnesota Timberwolves,25.79,11.07
Jalen,McDaniels,1629667,2021-22,1610612766,CHA,24,39,2.0,685,97,197,0.492,32.0,86.0,0.372,31,46,0.674,29.0,107.0,136.0,43,20.0,16.0,30.0,70,257,Charlotte Hornets,17.56,13.6
Doug,McDermott,203926,2021-22,1610612759,SAS,30,47,47.0,1146,206,443,0.465,104.0,241.0,0.432,31,40,0.775,17.0,94.0,111.0,60,12.0,4.0,36.0,74,547,San Antonio Spurs,24.38,13.05
JaVale,McGee,201580,2021-22,1610612756,PHX,34,57,14.0,901,230,359,0.641,2.0,7.0,0.286,77,112,0.688,128.0,262.0,390.0,36,18.0,61.0,77.0,137,539,Phoenix Suns,15.81,24.51
Rodney,McGruder,203585,2021-22,1610612765,DET,30,39,1.0,530,66,147,0.449,38.0,92.0,0.413,10,14,0.714,21.0,54.0,75.0,31,15.0,5.0,14.0,39,180,Detroit Pistons,13.59,11.42
Jordan,McLaughlin,1629162,2021-22,1610612750,MIN,25,46,3.0,609,51,136,0.375,12.0,53.0,0.226,23,31,0.742,13.0,54.0,67.0,126,34.0,5.0,24.0,30,137,Minnesota Timberwolves,13.24,11.85
Ben,McLemore,203463,2021-22,1610612757,POR,29,45,6.0,842,134,345,0.388,100.0,275.0,0.364,29,37,0.784,11.0,60.0,71.0,41,20.0,6.0,31.0,67,397,Portland Trail Blazers,18.71,10.6
De'Anthony,Melton,1629001,2021-22,1610612763,MEM,23,55,13.0,1243,196,509,0.385,88.0,258.0,0.341,66,90,0.733,55.0,199.0,254.0,146,89.0,29.0,80.0,93,546,Memphis Grizzlies,22.6,15.88
Chimezie,Metu,1629002,2021-22,1610612758,SAC,24,44,20.0,940,143,331,0.432,40.0,144.0,0.278,51,66,0.773,28.0,221.0,249.0,48,35.0,24.0,42.0,62,377,Sacramento Kings,21.36,13.01
Khris,Middleton,203114,2021-22,1610612749,MIL,30,52,52.0,1679,346,785,0.441,120.0,333.0,0.36,212,240,0.883,35.0,246.0,281.0,273,58.0,13.0,153.0,128,1024,Milwaukee Bucks,32.29,18.3
Patty,Mills,201988,2021-22,1610612751,BKN,33,63,44.0,1930,283,679,0.417,193.0,468.0,0.412,43,53,0.811,15.0,118.0,133.0,160,44.0,16.0,61.0,91,802,Brooklyn Nets,30.63,11.72
Shake,Milton,1629003,2021-22,1610612755,PHI,25,35,6.0,813,127,301,0.422,27.0,92.0,0.293,50,57,0.877,21.0,85.0,106.0,92,23.0,12.0,39.0,68,331,Philadelphia 76ers,23.23,12.03
Davion,Mitchell,1630558,2021-22,1610612758,SAC,23,58,8.0,1486,240,596,0.403,76.0,244.0,0.311,27,46,0.587,30.0,99.0,129.0,193,42.0,17.0,71.0,107,583,Sacramento Kings,25.62,10.52
Donovan,Mitchell,1628378,2021-22,1610612762,UTA,25,50,50.0,1679,463,1018,0.455,173.0,484.0,0.357,195,228,0.855,43.0,159.0,202.0,261,82.0,12.0,149.0,122,1294,Utah Jazz,33.58,24.04
Evan,Mobley,1630596,2021-22,1610612739,CLE,20,55,55.0,1872,323,650,0.497,19.0,76.0,0.25,135,198,0.682,104.0,337.0,441.0,140,42.0,91.0,108.0,116,800,Cleveland Cavaliers,34.04,15.33
Malik,Monk,1628370,2021-22,1610612747,LAL,24,56,21.0,1525,261,564,0.463,122.0,310.0,0.394,66,86,0.767,25.0,158.0,183.0,142,41.0,23.0,78.0,91,710,Los Angeles Lakers,27.23,14.05
Ja,Morant,1629630,2021-22,1610612763,MEM,22,50,50.0,1668,517,1042,0.496,80.0,233.0,0.343,275,362,0.76,69.0,223.0,292.0,332,59.0,19.0,171.0,72,1389,Memphis Grizzlies,33.36,27.9
Monte,Morris,1628420,2021-22,1610612743,DEN,26,57,56.0,1698,288,602,0.478,95.0,245.0,0.388,50,58,0.862,21.0,146.0,167.0,240,41.0,9.0,58.0,67,721,Denver Nuggets,29.79,14.57
Marcus,Morris Sr.,202694,2021-22,1610612746,LAC,32,40,40.0,1188,231,528,0.438,84.0,213.0,0.394,92,107,0.86,20.0,163.0,183.0,85,23.0,11.0,52.0,93,638,Los Angeles Clippers,29.7,15.32
Trey,Murphy III,1630530,2021-22,1610612740,NOP,21,45,0.0,532,53,156,0.34,39.0,113.0,0.345,24,28,0.857,28.0,61.0,89.0,23,13.0,6.0,12.0,39,169,New Orleans Pelicans,11.82,9.16
Dejounte,Murray,1627749,2021-22,1610612759,SAS,25,55,55.0,1903,460,994,0.463,71.0,221.0,0.321,126,164,0.768,71.0,389.0,460.0,515,111.0,18.0,138.0,111,1117,San Antonio Spurs,34.6,23.17
Mike,Muscala,203488,2021-22,1610612760,OKC,30,43,0.0,593,113,248,0.456,70.0,163.0,0.429,48,57,0.842,21.0,108.0,129.0,22,18.0,26.0,14.0,58,344,Oklahoma City Thunder,13.79,20.85
Svi,Mykhailiuk,1629004,2021-22,1610612761,TOR,24,48,5.0,688,88,219,0.402,38.0,123.0,0.309,29,34,0.853,20.0,72.0,92.0,43,24.0,4.0,28.0,50,243,Toronto Raptors,14.33,9.84
Larry,Nance Jr.,1626204,2021-22,1610612757,POR,29,37,11.0,859,102,198,0.515,19.0,62.0,0.306,32,49,0.653,58.0,151.0,209.0,73,38.0,13.0,27.0,67,255,Portland Trail Blazers,23.22,13.35
Raul,Neto,203526,2021-22,1610612764,WAS,29,53,9.0,1108,166,366,0.454,28.0,101.0,0.277,66,88,0.75,12.0,98.0,110.0,161,43.0,1.0,62.0,88,426,Washington Wizards,20.91,12.19
Georges,Niang,1627777,2021-22,1610612755,PHI,28,58,6.0,1339,191,438,0.436,116.0,287.0,0.404,44,51,0.863,21.0,132.0,153.0,83,22.0,11.0,47.0,154,542,Philadelphia 76ers,23.09,10.73
Zeke,Nnaji,1630192,2021-22,1610612743,DEN,21,39,1.0,651,95,176,0.54,37.0,76.0,0.487,38,62,0.613,55.0,89.0,144.0,15,12.0,13.0,21.0,76,265,Denver Nuggets,16.69,14.33
Nerlens,Noel,203457,2021-22,1610612752,NYK,27,25,11.0,562,32,60,0.533,0.0,3.0,0.0,21,30,0.7,48.0,93.0,141.0,23,30.0,31.0,20.0,67,85,New York Knicks,22.48,11.69
Jaylen,Nowell,1629669,2021-22,1610612750,MIN,22,45,1.0,659,131,280,0.468,38.0,102.0,0.373,42,56,0.75,16.0,71.0,87.0,94,24.0,6.0,22.0,50,342,Minnesota Timberwolves,14.64,18.31
Frank,Ntilikina,1628373,2021-22,1610612742,DAL,23,47,5.0,589,72,190,0.379,34.0,100.0,0.34,23,24,0.958,7.0,56.0,63.0,54,24.0,6.0,26.0,51,201,Dallas Mavericks,12.53,9.41
Jusuf,Nurkic,203994,2021-22,1610612757,POR,27,56,56.0,1578,321,600,0.535,15.0,56.0,0.268,185,268,0.69,167.0,452.0,619.0,157,62.0,34.0,143.0,189,842,Portland Trail Blazers,28.18,19.09
David,Nwaba,1628021,2021-22,1610612745,HOU,29,40,4.0,540,74,156,0.474,12.0,42.0,0.286,41,57,0.719,37.0,104.0,141.0,30,25.0,18.0,19.0,51,201,Houston Rockets,13.5,15.22
Jordan,Nwora,1629670,2021-22,1610612749,MIL,23,50,10.0,948,151,373,0.405,69.0,190.0,0.363,20,25,0.8,31.0,146.0,177.0,49,24.0,14.0,47.0,62,391,Milwaukee Bucks,18.96,11.08
Royce,O'Neale,1626220,2021-22,1610612762,UTA,28,58,58.0,1814,159,317,0.502,89.0,214.0,0.416,37,46,0.804,46.0,238.0,284.0,144,73.0,27.0,56.0,136,444,Utah Jazz,31.28,11.71
Chuma,Okeke,1629643,2021-22,1610612753,ORL,23,53,11.0,1275,164,425,0.386,82.0,257.0,0.319,39,46,0.848,39.0,216.0,255.0,88,79.0,31.0,40.0,67,449,Orlando Magic,24.06,13.5
Onyeka,Okongwu,1630168,2021-22,1610612737,ATL,21,29,6.0,611,103,139,0.741,0.0,0.0,0.0,49,67,0.731,62.0,92.0,154.0,34,19.0,40.0,33.0,92,255,Atlanta Hawks,21.07,19.65
Isaac,Okoro,1630171,2021-22,1610612739,CLE,21,48,42.0,1391,153,325,0.471,39.0,123.0,0.317,89,115,0.774,52.0,100.0,152.0,87,39.0,14.0,48.0,125,434,Cleveland Cavaliers,28.98,10.26
Kelly,Olynyk,203482,2021-22,1610612765,DET,30,27,1.0,534,89,215,0.414,30.0,89.0,0.337,41,58,0.707,41.0,89.0,130.0,75,22.0,13.0,40.0,68,249,Detroit Pistons,19.78,15.3
Cedi,Osman,1626224,2021-22,1610612739,CLE,26,51,3.0,1186,199,465,0.428,107.0,292.0,0.366,71,108,0.657,19.0,94.0,113.0,107,43.0,8.0,53.0,97,576,Cleveland Cavaliers,23.25,13.6
Kelly,Oubre Jr.,1626162,2021-22,1610612766,CHA,26,58,13.0,1652,343,783,0.438,162.0,467.0,0.347,102,152,0.671,67.0,174.0,241.0,72,65.0,25.0,61.0,151,950,Charlotte Hornets,28.48,16.99
Eric,Paschall,1629672,2021-22,1610612762,UTA,25,46,1.0,598,88,180,0.489,35.0,91.0,0.385,52,68,0.765,25.0,66.0,91.0,28,7.0,4.0,26.0,43,263,Utah Jazz,13.0,14.25
Chris,Paul,101108,2021-22,1610612756,PHX,36,58,58.0,1916,325,667,0.487,60.0,182.0,0.33,156,185,0.843,16.0,243.0,259.0,619,108.0,18.0,138.0,118,866,Phoenix Suns,33.03,20.72
Cameron,Payne,1626166,2021-22,1610612756,PHX,27,42,2.0,868,166,415,0.4,46.0,140.0,0.329,62,73,0.849,16.0,99.0,115.0,168,26.0,13.0,77.0,82,440,Phoenix Suns,20.67,13.74
Gary,Payton II,1627780,2021-22,1610612744,GSW,29,60,14.0,1023,177,289,0.612,39.0,107.0,0.364,31,54,0.574,57.0,148.0,205.0,50,83.0,18.0,32.0,105,424,Golden State Warriors,17.05,19.51
Mason,Plumlee,203486,2021-22,1610612766,CHA,32,55,55.0,1392,158,251,0.629,0.0,2.0,0.0,49,135,0.363,141.0,298.0,439.0,166,49.0,34.0,72.0,171,365,Charlotte Hornets,25.31,15.0
Jakob,Poeltl,1627751,2021-22,1610612759,SAS,26,52,51.0,1521,318,512,0.621,1.0,1.0,1.0,65,141,0.461,202.0,275.0,477.0,154,39.0,92.0,82.0,159,702,San Antonio Spurs,29.25,21.9
Aleksej,Pokusevski,1630197,2021-22,1610612760,OKC,20,47,4.0,816,118,296,0.399,36.0,127.0,0.283,13,21,0.619,48.0,166.0,214.0,62,28.0,29.0,55.0,58,285,Oklahoma City Thunder,17.36,11.99
Jordan,Poole,1629673,2021-22,1610612744,GSW,22,57,35.0,1626,313,714,0.438,130.0,389.0,0.334,165,178,0.927,27.0,151.0,178.0,196,46.0,17.0,130.0,146,921,Golden State Warriors,28.53,16.18
Kevin,Porter Jr.,1629645,2021-22,1610612745,HOU,21,42,42.0,1266,195,497,0.392,94.0,254.0,0.37,81,137,0.591,30.0,137.0,167.0,257,52.0,10.0,144.0,110,565,Houston Rockets,30.14,12.11
Otto,Porter Jr.,203490,2021-22,1610612744,GSW,28,52,13.0,1110,159,336,0.473,71.0,185.0,0.384,33,43,0.767,57.0,215.0,272.0,78,60.0,25.0,29.0,68,422,Golden State Warriors,21.35,17.23
Bobby,Portis,1626171,2021-22,1610612749,MIL,27,55,50.0,1590,336,690,0.487,113.0,272.0,0.415,74,100,0.74,138.0,363.0,501.0,67,42.0,44.0,77.0,144,859,Milwaukee Bucks,28.91,18.97
Kristaps,Porzingis,204001,2021-22,1610612742,DAL,26,34,34.0,1002,229,508,0.451,49.0,173.0,0.283,147,170,0.865,64.0,197.0,261.0,69,25.0,59.0,53.0,88,654,Dallas Mavericks,29.47,21.13
Dwight,Powell,203939,2021-22,1610612742,DAL,30,63,52.0,1311,181,277,0.653,13.0,33.0,0.394,107,143,0.748,130.0,156.0,286.0,69,31.0,26.0,48.0,160,482,Dallas Mavericks,20.81,15.78
Norman,Powell,1626181,2021-22,1610612757,POR,28,40,39.0,1333,247,542,0.456,93.0,229.0,0.406,159,198,0.803,17.0,114.0,131.0,82,40.0,17.0,62.0,92,746,Portland Trail Blazers,32.86,14.94
Joshua,Primo,1630563,2021-22,1610612759,SAS,19,33,4.0,522,55,149,0.369,26.0,78.0,0.333,24,32,0.75,19.0,40.0,59.0,46,12.0,16.0,30.0,44,160,San Antonio Spurs,15.82,8.55
Taurean,Prince,1627752,2021-22,1610612750,MIN,27,52,8.0,825,117,251,0.466,58.0,151.0,0.384,35,45,0.778,19.0,103.0,122.0,48,34.0,16.0,40.0,75,327,Minnesota Timberwolves,15.87,13.16
Payton,Pritchard,1630202,2021-22,1610612738,BOS,24,54,2.0,694,102,257,0.397,59.0,159.0,0.371,14,14,1.0,19.0,69.0,88.0,100,11.0,4.0,34.0,46,277,Boston Celtics,12.85,12.62
Immanuel,Quickley,1630193,2021-22,1610612752,NYK,22,59,2.0,1261,187,500,0.374,96.0,288.0,0.333,97,105,0.924,22.0,121.0,143.0,171,36.0,3.0,74.0,130,567,New York Knicks,21.37,12.81
Julius,Randle,203944,2021-22,1610612752,NYK,27,61,61.0,2168,430,1032,0.417,95.0,316.0,0.301,251,328,0.765,110.0,503.0,613.0,319,46.0,34.0,216.0,172,1206,New York Knicks,35.54,17.28
Austin,Reaves,1630559,2021-22,1610612747,LAL,23,43,4.0,929,89,190,0.468,33.0,107.0,0.308,49,59,0.831,23.0,85.0,108.0,58,14.0,14.0,22.0,64,260,Los Angeles Lakers,21.6,9.64
Cam,Reddish,1629629,2021-22,1610612737,ATL,22,34,7.0,797,138,343,0.402,58.0,153.0,0.379,72,80,0.9,20.0,64.0,84.0,38,35.0,11.0,44.0,45,406,Atlanta Hawks,20.66,13.33
Naz,Reid,1629675,2021-22,1610612750,MIN,22,61,5.0,972,186,383,0.486,44.0,129.0,0.341,86,116,0.741,80.0,149.0,229.0,57,26.0,61.0,62.0,128,502,Minnesota Timberwolves,15.93,18.21
Josh,Richardson,1626196,2021-22,1610612738,BOS,28,44,0.0,1087,152,343,0.443,62.0,156.0,0.397,61,71,0.859,26.0,99.0,125.0,66,34.0,23.0,39.0,82,427,Boston Celtics,23.75,12.93
Austin,Rivers,203085,2021-22,1610612743,DEN,29,48,13.0,1017,110,260,0.423,59.0,170.0,0.347,20,30,0.667,15.0,65.0,80.0,57,37.0,4.0,39.0,79,299,Denver Nuggets,21.19,8.0
Duncan,Robinson,1629130,2021-22,1610612748,MIA,27,61,56.0,1645,233,588,0.396,182.0,500.0,0.364,40,48,0.833,22.0,154.0,176.0,99,35.0,12.0,52.0,163,688,Miami Heat,26.97,11.26
Mitchell,Robinson,1629011,2021-22,1610612752,NYK,23,57,48.0,1452,205,266,0.771,0.0,0.0,0.0,69,136,0.507,219.0,279.0,498.0,25,40.0,93.0,45.0,160,479,New York Knicks,25.47,20.73
Jeremiah,Robinson-Earl,1630526,2021-22,1610612760,OKC,21,44,36.0,1014,117,292,0.401,50.0,150.0,0.333,30,42,0.714,71.0,183.0,254.0,44,27.0,15.0,35.0,74,314,Oklahoma City Thunder,23.05,11.51
Derrick,Rose,201565,2021-22,1610612752,NYK,33,26,4.0,636,122,274,0.445,37.0,92.0,0.402,30,31,0.968,21.0,57.0,78.0,103,22.0,12.0,39.0,15,311,New York Knicks,24.46,18.38
Terrence,Ross,203082,2021-22,1610612753,ORL,31,54,0.0,1285,195,484,0.403,70.0,226.0,0.31,98,113,0.867,18.0,121.0,139.0,104,26.0,12.0,69.0,62,558,Orlando Magic,23.8,11.45
Terry,Rozier,1626179,2021-22,1610612766,CHA,27,55,55.0,1863,386,887,0.435,166.0,451.0,0.368,115,139,0.827,42.0,197.0,239.0,243,65.0,20.0,70.0,90,1053,Charlotte Hornets,33.87,18.86
Ricky,Rubio,201937,2021-22,1610612739,CLE,31,34,8.0,970,149,411,0.363,59.0,174.0,0.339,88,103,0.854,15.0,126.0,141.0,225,49.0,7.0,90.0,75,445,Cleveland Cavaliers,28.53,13.99
D'Angelo,Russell,1626156,2021-22,1610612750,MIN,26,50,50.0,1605,332,792,0.419,148.0,422.0,0.351,157,191,0.822,20.0,151.0,171.0,344,48.0,22.0,130.0,107,969,Minnesota Timberwolves,32.1,18.82
Domantas,Sabonis,1627734,2021-22,1610612754,IND,25,47,46.0,1632,331,571,0.58,35.0,108.0,0.324,191,258,0.74,155.0,412.0,567.0,236,46.0,22.0,143.0,146,888,Indiana Pacers,34.34,20.6
Dennis,Schroder,203471,2021-22,1610612738,BOS,28,49,25.0,1433,257,584,0.44,67.0,192.0,0.349,123,145,0.848,28.0,136.0,164.0,208,41.0,5.0,104.0,116,704,Boston Celtics,29.38,14.69
Alperen,Sengun,1630578,2021-22,1610612745,HOU,19,55,5.0,1034,172,364,0.473,20.0,79.0,0.253,123,177,0.695,93.0,179.0,272.0,132,46.0,52.0,111.0,158,487,Houston Rockets,18.8,16.48
Landry,Shamet,1629013,2021-22,1610612756,PHX,24,50,9.0,990,119,324,0.367,79.0,225.0,0.351,52,60,0.867,12.0,85.0,97.0,77,23.0,4.0,27.0,62,369,Phoenix Suns,19.8,10.1
Pascal,Siakam,1627783,2021-22,1610612761,TOR,27,50,50.0,1876,413,849,0.486,51.0,150.0,0.34,197,264,0.746,101.0,323.0,424.0,252,63.0,34.0,139.0,173,1074,Toronto Raptors,37.52,18.39
Anfernee,Simons,1629014,2021-22,1610612757,POR,22,56,29.0,1641,342,772,0.443,170.0,425.0,0.4,96,109,0.881,26.0,122.0,148.0,218,30.0,6.0,112.0,110,950,Portland Trail Blazers,29.3,15.06
Marcus,Smart,203935,2021-22,1610612738,BOS,27,55,55.0,1803,226,546,0.414,87.0,268.0,0.325,114,144,0.792,35.0,180.0,215.0,304,96.0,15.0,115.0,131,653,Boston Celtics,32.78,13.72
Ish,Smith,202397,2021-22,1610612766,CHA,33,37,1.0,511,73,185,0.395,10.0,25.0,0.4,12,19,0.632,11.0,46.0,57.0,98,20.0,10.0,36.0,34,168,Charlotte Hornets,15.2,11.05
Dennis,Smith Jr.,1628372,2021-22,1610612757,POR,24,37,4.0,639,79,189,0.418,6.0,27.0,0.222,42,64,0.656,20.0,68.0,88.0,132,45.0,12.0,51.0,52,206,Portland Trail Blazers,17.27,12.43
Tony,Snell,203503,2021-22,1610612757,POR,30,38,10.0,546,36,97,0.371,24.0,75.0,0.32,3,3,1.0,11.0,61.0,72.0,20,8.0,7.0,11.0,44,99,Portland Trail Blazers,15.31,5.06
Lamar,Stevens,1630205,2021-22,1610612739,CLE,24,45,8.0,628,88,186,0.473,13.0,46.0,0.283,28,43,0.651,29.0,67.0,96.0,28,20.0,9.0,24.0,64,217,Cleveland Cavaliers,13.96,10.61
Isaiah,Stewart,1630191,2021-22,1610612765,DET,20,56,56.0,1462,204,395,0.516,4.0,25.0,0.16,57,84,0.679,184.0,296.0,480.0,61,19.0,65.0,71.0,168,469,Detroit Pistons,26.11,13.59
Max,Strus,1629622,2021-22,1610612748,MIA,25,51,10.0,1207,189,433,0.436,134.0,332.0,0.404,36,47,0.766,21.0,135.0,156.0,66,19.0,12.0,40.0,87,548,Miami Heat,23.67,13.52
Jalen,Suggs,1630591,2021-22,1610612753,ORL,20,43,40.0,1204,188,514,0.366,40.0,177.0,0.226,122,159,0.767,25.0,135.0,160.0,192,54.0,17.0,132.0,133,538,Orlando Magic,28.0,10.35
Jae'Sean,Tate,1630256,2021-22,1610612745,HOU,26,61,60.0,1650,300,590,0.508,50.0,164.0,0.305,116,163,0.712,102.0,236.0,338.0,187,59.0,34.0,115.0,226,766,Houston Rockets,27.05,15.95
Jayson,Tatum,1628369,2021-22,1610612738,BOS,24,61,61.0,2206,551,1266,0.435,169.0,515.0,0.328,318,374,0.85,72.0,434.0,506.0,258,58.0,42.0,177.0,142,1589,Boston Celtics,36.16,21.62
Garrett,Temple,202066,2021-22,1610612740,NOP,35,56,16.0,1059,108,282,0.383,56.0,175.0,0.32,28,41,0.683,29.0,111.0,140.0,73,42.0,23.0,40.0,80,300,New Orleans Pelicans,18.91,8.83
Daniel,Theis,1628464,2021-22,1610612745,HOU,29,26,21.0,584,84,179,0.469,23.0,79.0,0.291,27,40,0.675,32.0,98.0,130.0,20,11.0,17.0,31.0,62,218,Houston Rockets,21.06,11.47
Cam,Thomas,1630560,2021-22,1610612751,BKN,20,53,2.0,1043,201,461,0.436,44.0,162.0,0.272,74,89,0.831,12.0,125.0,137.0,73,29.0,8.0,48.0,55,520,Brooklyn Nets,19.68,13.0
Matisse,Thybulle,1629680,2021-22,1610612755,PHI,25,47,32.0,1227,110,221,0.498,33.0,115.0,0.287,18,25,0.72,26.0,86.0,112.0,56,83.0,51.0,30.0,110,271,Philadelphia 76ers,26.11,10.32
Xavier,Tillman Sr.,1630214,2021-22,1610612763,MEM,23,40,0.0,511,69,153,0.451,7.0,35.0,0.2,31,48,0.646,46.0,70.0,116.0,40,41.0,14.0,26.0,49,176,Memphis Grizzlies,12.78,15.91
Obi,Toppin,1630167,2021-22,1610612752,NYK,24,57,2.0,858,158,311,0.508,22.0,98.0,0.224,68,92,0.739,51.0,147.0,198.0,49,15.0,23.0,44.0,77,406,New York Knicks,15.05,17.07
Juan,Toscano-Anderson,1629308,2021-22,1610612744,GSW,28,60,5.0,852,102,209,0.488,23.0,78.0,0.295,36,59,0.61,26.0,127.0,153.0,112,42.0,15.0,61.0,95,263,Golden State Warriors,14.2,12.27
Karl-Anthony,Towns,1626157,2021-22,1610612750,MIN,26,57,57.0,1936,498,952,0.523,119.0,292.0,0.408,277,340,0.815,152.0,392.0,544.0,220,58.0,63.0,176.0,204,1392,Minnesota Timberwolves,33.96,25.4
Gary,Trent Jr.,1629018,2021-22,1610612761,TOR,23,54,53.0,1869,346,836,0.414,163.0,431.0,0.378,111,134,0.828,16.0,125.0,141.0,113,100.0,15.0,53.0,110,966,Toronto Raptors,34.61,14.22
P.J.,Tucker,200782,2021-22,1610612748,MIA,36,56,55.0,1591,174,347,0.501,75.0,166.0,0.452,39,54,0.722,80.0,223.0,303.0,119,44.0,12.0,53.0,135,462,Miami Heat,28.41,12.31
Myles,Turner,1626167,2021-22,1610612754,IND,25,42,42.0,1235,200,393,0.509,61.0,183.0,0.333,79,105,0.752,65.0,232.0,297.0,44,28.0,118.0,54.0,119,540,Indiana Pacers,29.4,16.2
Jonas,Valanciunas,202685,2021-22,1610612740,NOP,29,57,57.0,1767,389,725,0.537,49.0,130.0,0.377,184,226,0.814,176.0,481.0,657.0,142,28.0,50.0,141.0,189,1011,New Orleans Pelicans,31.0,20.07
Fred,VanVleet,1627832,2021-22,1610612761,TOR,28,52,52.0,1984,374,901,0.415,208.0,522.0,0.398,156,178,0.876,39.0,195.0,234.0,361,83.0,27.0,139.0,124,1112,Toronto Raptors,38.15,17.5
Jarred,Vanderbilt,1629020,2021-22,1610612750,MIN,22,59,52.0,1525,172,291,0.591,2.0,12.0,0.167,64,101,0.634,180.0,342.0,522.0,82,83.0,42.0,57.0,147,410,Minnesota Timberwolves,25.85,16.25
Devin,Vassell,1630170,2021-22,1610612759,SAS,21,55,16.0,1443,248,574,0.432,98.0,283.0,0.346,52,64,0.813,31.0,206.0,237.0,100,53.0,35.0,42.0,115,646,San Antonio Spurs,26.24,14.23
Gabe,Vincent,1629216,2021-22,1610612748,MIA,25,55,22.0,1351,188,442,0.425,104.0,278.0,0.374,42,52,0.808,20.0,90.0,110.0,187,54.0,12.0,84.0,137,522,Miami Heat,24.56,12.3
Nikola,Vucevic,202696,2021-22,1610612741,CHI,31,57,57.0,1925,434,917,0.473,83.0,270.0,0.307,71,94,0.755,113.0,545.0,658.0,201,55.0,64.0,111.0,144,1022,Chicago Bulls,33.77,19.57
Dean,Wade,1629731,2021-22,1610612739,CLE,25,47,25.0,886,89,197,0.452,48.0,133.0,0.361,19,29,0.655,29.0,111.0,140.0,50,26.0,6.0,16.0,75,245,Cleveland Cavaliers,18.85,10.14
Franz,Wagner,1630532,2021-22,1610612753,ORL,20,64,64.0,2044,381,817,0.466,84.0,230.0,0.365,156,183,0.852,68.0,230.0,298.0,190,57.0,29.0,101.0,139,1002,Orlando Magic,31.94,15.82
Moritz,Wagner,1629021,2021-22,1610612753,ORL,24,45,0.0,564,119,238,0.5,41.0,124.0,0.331,63,79,0.797,22.0,88.0,110.0,49,13.0,10.0,32.0,82,342,Orlando Magic,12.53,19.29
Kemba,Walker,202689,2021-22,1610612752,NYK,31,37,37.0,948,149,370,0.403,73.0,199.0,0.367,60,71,0.845,14.0,97.0,111.0,131,26.0,7.0,48.0,37,431,New York Knicks,25.62,15.11
Lonnie,Walker IV,1629022,2021-22,1610612759,SAS,23,58,6.0,1345,263,639,0.412,88.0,284.0,0.31,88,112,0.786,16.0,134.0,150.0,129,36.0,17.0,63.0,87,702,San Antonio Spurs,23.19,13.62
P.J.,Washington,1629023,2021-22,1610612766,CHA,23,47,10.0,1211,169,372,0.454,84.0,224.0,0.375,47,65,0.723,61.0,199.0,260.0,93,38.0,43.0,60.0,115,469,Charlotte Hornets,25.77,14.65
Duane,Washington Jr.,1630613,2021-22,1610612754,IND,21,33,7.0,639,104,282,0.369,49.0,142.0,0.345,24,32,0.75,3.0,52.0,55.0,61,18.0,2.0,34.0,43,281,Indiana Pacers,19.36,8.79
Russell,Westbrook,201566,2021-22,1610612747,LAL,33,61,61.0,2098,420,971,0.433,59.0,208.0,0.284,206,307,0.671,85.0,382.0,467.0,443,64.0,16.0,240.0,183,1105,Los Angeles Lakers,34.39,15.0
Coby,White,1629632,2021-22,1610612741,CHI,22,44,15.0,1237,214,474,0.451,104.0,258.0,0.403,65,77,0.844,13.0,121.0,134.0,130,20.0,10.0,50.0,99,597,Chicago Bulls,28.11,14.65
Derrick,White,1628401,2021-22,1610612759,SAS,27,49,48.0,1486,243,570,0.426,81.0,258.0,0.314,139,160,0.869,25.0,148.0,173.0,274,49.0,42.0,87.0,116,706,San Antonio Spurs,29.71,16.46
Hassan,Whiteside,202355,2021-22,1610612762,UTA,32,50,7.0,915,171,267,0.64,0.0,0.0,0.0,84,129,0.651,126.0,265.0,391.0,19,16.0,73.0,43.0,147,426,Utah Jazz,18.3,22.89
Aaron,Wiggins,1630598,2021-22,1610612760,OKC,23,37,23.0,824,98,210,0.467,28.0,93.0,0.301,36,51,0.706,32.0,95.0,127.0,38,25.0,9.0,30.0,72,260,Oklahoma City Thunder,22.27,10.89
Andrew,Wiggins,203952,2021-22,1610612744,GSW,27,58,58.0,1840,384,810,0.474,129.0,318.0,0.406,117,182,0.643,61.0,185.0,246.0,128,62.0,42.0,85.0,118,1014,Golden State Warriors,31.72,17.64
Grant,Williams,1629684,2021-22,1610612738,BOS,23,60,16.0,1430,158,319,0.495,92.0,206.0,0.447,58,63,0.921,46.0,151.0,197.0,65,30.0,43.0,44.0,138,466,Boston Celtics,23.83,12.34
Kenrich,Williams,1629026,2021-22,1610612760,OKC,27,49,0.0,1072,146,317,0.461,41.0,121.0,0.339,30,55,0.545,75.0,145.0,220.0,108,44.0,10.0,46.0,81,363,Oklahoma City Thunder,21.88,14.25
Lou,Williams,101150,2021-22,1610612737,ATL,35,43,0.0,624,100,255,0.392,31.0,86.0,0.36,54,62,0.871,13.0,54.0,67.0,84,21.0,3.0,34.0,39,285,Atlanta Hawks,14.51,12.93
Ziaire,Williams,1630533,2021-22,1610612763,MEM,20,44,23.0,958,128,288,0.444,47.0,163.0,0.288,23,29,0.793,15.0,69.0,84.0,38,24.0,7.0,26.0,84,326,Memphis Grizzlies,21.77,9.63
Robert,Williams III,1629057,2021-22,1610612738,BOS,24,52,52.0,1562,230,317,0.726,0.0,1.0,0.0,59,82,0.72,206.0,305.0,511.0,106,48.0,114.0,59.0,113,519,Boston Celtics,30.04,21.73
Christian,Wood,1626174,2021-22,1610612745,HOU,26,59,58.0,1834,383,780,0.491,108.0,287.0,0.376,172,285,0.604,104.0,491.0,595.0,133,46.0,56.0,107.0,148,1046,Houston Rockets,31.08,19.32
Delon,Wright,1626153,2021-22,1610612737,ATL,29,58,5.0,1052,91,205,0.444,31.0,83.0,0.373,41,49,0.837,39.0,126.0,165.0,137,60.0,13.0,37.0,43,254,Atlanta Hawks,18.14,12.58
Trae,Young,1629027,2021-22,1610612737,ATL,23,58,58.0,2007,544,1191,0.457,171.0,448.0,0.382,366,408,0.897,36.0,186.0,222.0,541,55.0,6.0,232.0,93,1625,Atlanta Hawks,34.6,24.93
Omer,Yurtseven,1630209,2021-22,1610612748,MIA,23,45,11.0,617,117,217,0.539,1.0,7.0,0.143,35,55,0.636,73.0,185.0,258.0,45,15.0,19.0,37.0,76,270,Miami Heat,13.71,19.01
Ivica,Zubac,1627826,2021-22,1610612746,LAC,24,59,59.0,1434,230,352,0.653,0.0,0.0,0.0,135,188,0.718,162.0,323.0,485.0,85,27.0,62.0,89.0,151,595,Los Angeles Clippers,24.31,19.62
